company,location,industry,total_laid_off,percentage_laid_off,date,stage,country,funds_raised_millions,id,missing_date_flag,missing_industry_flag
Atlassian,Sydney,Other,500,0.05,2023-03-06,Post-IPO,Australia,210,1,0,0
SiriusXM,"New York City",Media,475,0.08,2023-03-06,Post-IPO,"United States",525,2,0,0
Alerzo,Ibadan,Retail,400,NULL,2023-03-06,"Series B",Nigeria,16,3,0,0
UpGrad,Mumbai,Education,120,NULL,2023-03-06,Unknown,India,631,4,0,0
Loft,"Sao Paulo","Real Estate",340,0.15,2023-03-03,Unknown,Brazil,788,5,0,0
"Embark Trucks","SF Bay Area",Transportation,230,0.70,2023-03-03,Post-IPO,"United States",317,6,0,0
Lendi,Sydney,"Real Estate",100,NULL,2023-03-03,Unknown,Australia,59,7,0,0
UserTesting,"SF Bay Area",Marketing,63,NULL,2023-03-03,Acquired,"United States",152,8,0,0
Airbnb,"SF Bay Area",Travel,30,NULL,2023-03-03,Post-IPO,"United States",6400,9,0,0
Zscaler,"SF Bay Area",Security,177,0.03,2023-03-02,Post-IPO,"United States",148,12,0,0
MasterClass,"SF Bay Area",Education,79,NULL,2023-03-02,"Series E","United States",461,13,0,0
"Ambev Tech",Blumenau,Food,50,NULL,2023-03-02,Acquired,Brazil,NULL,14,0,0
Fittr,Pune,Fitness,30,0.11,2023-03-02,"Series A",India,13,15,0,0
CNET,"SF Bay Area",Media,12,0.10,2023-03-02,Acquired,"United States",20,16,0,0
Thoughtworks,Chicago,Other,500,0.04,2023-03-01,Post-IPO,"United States",748,20,0,0
iFood,"Sao Paulo",Food,355,0.06,2023-03-01,Subsidiary,Brazil,2100,21,0,0
"Color Health","SF Bay Area",Healthcare,300,NULL,2023-03-01,"Series E","United States",482,22,0,0
Waymo,"SF Bay Area",Transportation,209,0.08,2023-03-01,Subsidiary,"United States",5500,23,0,0
PayFit,Paris,HR,200,0.20,2023-03-01,"Series E",France,495,24,0,0
Yellow.ai,"SF Bay Area",Support,200,NULL,2023-03-01,"Series C","United States",102,25,0,0
Sonder,"SF Bay Area",Travel,100,0.14,2023-03-01,Post-IPO,"United States",839,26,0,0
"Electronic Arts","Baton Rouge",Consumer,200,NULL,2023-02-28,Post-IPO,"United States",2,28,0,0
Eventbrite,"SF Bay Area",Consumer,80,0.08,2023-02-28,Post-IPO,"United States",557,29,0,0
"Sono Motors",Munich,Transportation,300,NULL,2023-02-27,Post-IPO,Germany,126,32,0,0
Cerebral,"SF Bay Area",Healthcare,285,0.15,2023-02-27,"Series C","United States",462,33,0,0
Amount,Chicago,Finance,130,0.25,2023-02-27,Unknown,"United States",283,34,0,0
Palantir,Denver,Data,75,0.02,2023-02-27,Post-IPO,"United States",3000,35,0,0
Outreach,Seattle,Sales,70,0.07,2023-02-27,"Series G","United States",489,36,0,0
Stytch,"SF Bay Area",Security,19,0.25,2023-02-27,"Series B","United States",126,37,0,0
BitSight,"Tel Aviv",Security,40,NULL,2023-02-26,Unknown,Israel,401,38,0,0
Twitter,"SF Bay Area",Consumer,200,0.10,2023-02-25,Post-IPO,"United States",12900,39,0,0
Ericsson,Stockholm,Other,8500,0.08,2023-02-24,Post-IPO,Sweden,663,40,0,0
"SAP Labs",Bengaluru,Other,300,NULL,2023-02-24,Subsidiary,India,1300,41,0,0
"Velodyne Lidar","SF Bay Area",Transportation,220,NULL,2023-02-24,Acquired,"United States",575,42,0,0
Medallia,"SF Bay Area",Support,59,NULL,2023-02-24,Acquired,"United States",325,43,0,0
"Eat Just","SF Bay Area",Food,40,NULL,2023-02-24,Unknown,"United States",465,44,0,0
"Lucira Health","SF Bay Area",Healthcare,26,NULL,2023-02-24,Post-IPO,"United States",132,45,0,0
Stax,Orlando,Finance,24,NULL,2023-02-24,"Series D","United States",263,46,0,0
Merative,"Ann Arbor",Healthcare,200,0.10,2023-02-23,Acquired,"United States",NULL,48,0,0
OneFootball,Berlin,Marketing,150,0.32,2023-02-23,"Series D",Germany,442,49,0,0
"The Iconic",Sydney,Retail,69,0.06,2023-02-23,Unknown,Australia,NULL,50,0,0
EVgo,"Los Angeles",Transportation,40,NULL,2023-02-23,Post-IPO,"United States",400,51,0,0
StrongDM,"SF Bay Area",Infrastructure,40,NULL,2023-02-23,"Series B","United States",76,52,0,0
Synamedia,London,Media,200,0.12,2023-02-22,Unknown,"United Kingdom",NULL,56,0,0
TaskUs,"San Antonio",Support,186,NULL,2023-02-22,Post-IPO,"United States",279,57,0,0
Polygon,Bengaluru,Crypto,100,0.20,2023-02-21,Unknown,India,451,62,0,0
Crunchyroll,Tokyo,Media,85,NULL,2023-02-21,Unknown,Japan,26,63,0,0
"Ethos Life","SF Bay Area",Finance,50,NULL,2023-02-21,"Series D","United States",406,64,0,0
Bolt,Lagos,Transportation,17,NULL,2023-02-21,"Series F",Nigeria,NULL,65,0,0
MyGate,Bengaluru,Other,200,0.30,2023-02-20,"Series B",India,79,70,0,0
Fireblocks,"New York City",Crypto,30,0.05,2023-02-20,"Series E","United States",1000,71,0,0
Kinde,Sydney,Other,8,0.28,2023-02-20,Seed,Australia,10,72,0,0
HP,"Tel Aviv",Hardware,100,NULL,2023-02-19,Post-IPO,Israel,4200,74,0,0
Tencent,Shenzen,Consumer,300,NULL,2023-02-17,Post-IPO,China,12600,75,0,0
Evernote,"SF Bay Area",Consumer,129,NULL,2023-02-17,Acquired,"United States",290,76,0,0
"Chipper Cash","SF Bay Area",Finance,100,0.33,2023-02-17,"Series C","United States",302,77,0,0
DocuSign,"SF Bay Area",Sales,680,0.10,2023-02-16,Post-IPO,"United States",536,80,0,0
"Pico Interactive","SF Bay Area",Other,400,0.20,2023-02-16,Acquired,"United States",62,81,0,0
"The RealReal","SF Bay Area",Retail,230,0.07,2023-02-16,Post-IPO,"United States",356,82,0,0
Smartsheet,Seattle,Other,85,0.03,2023-02-16,Post-IPO,"United States",152,83,0,0
Wix,"Tel Aviv",Marketing,370,0.06,2023-02-15,Post-IPO,Israel,58,85,0,0
ServiceTitan,"Los Angeles",Sales,221,0.08,2023-02-15,"Series G","United States",1100,86,0,0
Neon,"Sao Paulo",Finance,210,0.09,2023-02-15,"Series D",Brazil,720,87,0,0
Jellysmack,Paris,Media,208,NULL,2023-02-15,"Series C",France,22,88,0,0
DigitalOcean,"New York City",Infrastructure,200,0.11,2023-02-15,Post-IPO,"United States",491,89,0,0
Sprinklr,"New York City",Support,100,0.04,2023-02-15,Post-IPO,"United States",429,90,0,0
Betterment,"New York City",Finance,28,NULL,2023-02-15,"Series F","United States",435,91,0,0
CommerceHub,Albany,Retail,371,0.31,2023-02-14,Acquired,"United States",NULL,99,0,0
Twilio,"SF Bay Area",Other,1500,0.17,2023-02-13,Post-IPO,"United States",614,103,0,0
Electric,"New York City",Other,141,0.25,2023-02-13,"Series D","United States",212,104,0,0
"EMX Digital","New York City",Marketing,100,1.00,2023-02-13,Unknown,"United States",NULL,105,0,0
PetLove,"Sao Paulo",Retail,94,NULL,2023-02-13,"Series C",Brazil,225,106,0,0
iRobot,Boston,Consumer,85,0.07,2023-02-13,Acquired,"United States",30,107,0,0
"Collective Health","SF Bay Area",Healthcare,54,NULL,2023-02-13,"Series F","United States",719,108,0,0
"Magic Eden","SF Bay Area",Crypto,22,NULL,2023-02-13,"Series B","United States",170,109,0,0
Moladin,Jakarta,Transportation,360,0.11,2023-02-12,"Series B",Indonesia,138,114,0,0
TripleLift,"New York City",Marketing,100,0.20,2023-02-10,Acquired,"United States",16,115,0,0
"TikTok India",Mumbai,Consumer,40,NULL,2023-02-10,Acquired,India,9400,116,0,0
Yahoo,"SF Bay Area",Consumer,1600,0.20,2023-02-09,Acquired,"United States",6,119,0,0
"Misfits Market",Philadelphia,Food,649,0.33,2023-02-09,"Series C","United States",526,120,0,0
Deliveroo,London,Food,350,0.09,2023-02-09,Post-IPO,"United Kingdom",1700,121,0,0
"Olive AI",Columbus,Healthcare,215,0.35,2023-02-09,"Series H","United States",856,122,0,0
Oportun,"SF Bay Area",Finance,155,0.10,2023-02-09,Post-IPO,"United States",566,123,0,0
GitLab,"SF Bay Area",Product,130,0.07,2023-02-09,Post-IPO,"United States",413,124,0,0
Bark,"New York City",Retail,126,0.12,2023-02-09,Post-IPO,"United States",NULL,125,0,0
"Nomad Health","New York City",Healthcare,119,0.17,2023-02-09,Unknown,"United States",218,126,0,0
Veriff,Tallinn,Security,66,0.12,2023-02-09,"Series C",Estonia,192,127,0,0
"REE Automotive","Tel Aviv",Transportation,31,0.11,2023-02-09,Post-IPO,Israel,317,128,0,0
GoDaddy,Phoenix,Marketing,530,0.08,2023-02-08,Post-IPO,"United States",800,132,0,0
Affirm,"SF Bay Area",Finance,500,0.19,2023-02-08,Post-IPO,"United States",1500,133,0,0
Gusto,"SF Bay Area",HR,126,0.05,2023-02-08,"Series E","United States",746,134,0,0
Gong,"SF Bay Area",Sales,80,0.07,2023-02-08,"Series E","United States",583,135,0,0
"Beam Benefits",Columbus,Healthcare,31,0.08,2023-02-08,"Series E","United States",168,136,0,0
Equitybee,"SF Bay Area",Finance,24,0.25,2023-02-08,"Series B","United States",85,137,0,0
Zoom,"SF Bay Area",Other,1300,0.15,2023-02-07,Post-IPO,"United States",276,142,0,0
eBay,"SF Bay Area",Retail,500,0.04,2023-02-07,Post-IPO,"United States",1200,143,0,0
SecureWorks,Atlanta,Security,212,0.09,2023-02-07,Post-IPO,"United States",83,144,0,0
Salesloft,Atlanta,Sales,100,0.10,2023-02-07,Acquired,"United States",245,145,0,0
Openpay,Melbourne,Finance,83,1.00,2023-02-07,Post-IPO,Australia,299,146,0,0
LearnUpon,Dublin,Education,27,0.09,2023-02-07,"Private Equity",Ireland,56,147,0,0
Dell,Austin,Hardware,6650,0.05,2023-02-06,Post-IPO,"United States",NULL,149,0,0
Loggi,"Sao Paulo",Logistics,300,0.07,2023-02-06,"Series F",Brazil,507,150,0,0
Catch.com.au,Melbourne,Retail,100,NULL,2023-02-06,Acquired,Australia,80,151,0,0
"VinFast US","Los Angeles",Transportation,80,NULL,2023-02-06,Subsidiary,"United States",NULL,152,0,0
Drift,Boston,Marketing,59,NULL,2023-02-06,Acquired,"United States",107,153,0,0
"Pocket Aces",Mumbai,Media,50,0.25,2023-02-06,Unknown,India,19,154,0,0
Clari,"SF Bay Area",Sales,20,NULL,2023-02-06,"Series F","United States",496,155,0,0
Kyruus,Boston,Healthcare,70,NULL,2023-02-05,Unknown,"United States",183,159,0,0
Lightico,"Tel Aviv",Finance,20,0.25,2023-02-05,"Series B",Israel,42,160,0,0
FarEye,"New Delhi",Logistics,90,NULL,2023-02-03,"Series E",India,150,161,0,0
"Protocol Labs","SF Bay Area",Crypto,89,0.20,2023-02-03,Unknown,"United States",10,162,0,0
Byju's,Bengaluru,Education,1500,NULL,2023-02-02,"Private Equity",India,5500,164,0,0
Okta,"SF Bay Area",Security,300,0.05,2023-02-02,Post-IPO,"United States",1200,165,0,0
Autodesk,"SF Bay Area",Other,250,0.02,2023-02-02,Post-IPO,"United States",NULL,166,0,0
Mindstrong,"SF Bay Area",Healthcare,127,NULL,2023-02-02,"Series C","United States",160,167,0,0
"NCC Group",Manchester,Security,125,0.07,2023-02-02,Post-IPO,"United Kingdom",NULL,168,0,0
Miro,"SF Bay Area",Other,119,0.07,2023-02-02,"Series C","United States",476,169,0,0
Getir,"New York City",Food,100,NULL,2023-02-02,"Series E","United States",1800,170,0,0
Highspot,Seattle,Sales,100,0.10,2023-02-02,"Series F","United States",644,171,0,0
Bittrex,Seattle,Crypto,80,NULL,2023-02-02,Unknown,"United States",NULL,172,0,0
Snowplow,London,Data,40,NULL,2023-02-02,"Series B","United States",55,173,0,0
Articulate,"New York City",Education,38,NULL,2023-02-02,"Series A","United States",1500,174,0,0
Splunk,"SF Bay Area",Data,325,0.04,2023-02-01,Post-IPO,"United States",2400,179,0,0
Pinterest,"SF Bay Area",Consumer,150,NULL,2023-02-01,Post-IPO,"United States",1500,180,0,0
DraftKings,Boston,Consumer,140,0.04,2023-02-01,Post-IPO,"United States",719,181,0,0
Cyren,"Washington D.C.",Security,121,NULL,2023-02-01,Post-IPO,"United States",161,182,0,0
Workato,"SF Bay Area",Other,90,0.10,2023-02-01,"Series E","United States",415,183,0,0
VerticalScope,Toronto,Media,60,0.22,2023-02-01,Post-IPO,Canada,NULL,184,0,0
Wheel,Austin,Healthcare,56,0.28,2023-02-01,"Series C","United States",215,185,0,0
Chainalysis,"New York City",Crypto,44,0.05,2023-02-01,"Series F","United States",536,186,0,0
Appgate,Miami,Security,34,0.08,2023-02-01,Post-IPO,"United States",NULL,187,0,0
Exterro,Portland,Legal,24,0.03,2023-02-01,"Private Equity","United States",100,188,0,0
TheSkimm,"New York City",Media,17,0.10,2023-02-01,"Series C","United States",28,189,0,0
PayPal,"SF Bay Area",Finance,2000,0.07,2023-01-31,Post-IPO,"United States",216,198,0,0
NetApp,"SF Bay Area",Data,960,0.08,2023-01-31,Post-IPO,"United States",NULL,199,0,0
Workday,"SF Bay Area",HR,525,0.03,2023-01-31,Post-IPO,"United States",230,200,0,0
HubSpot,Boston,Marketing,500,0.07,2023-01-31,Post-IPO,"United States",100,201,0,0
Upstart,"SF Bay Area",Finance,365,0.20,2023-01-31,Post-IPO,"United States",144,202,0,0
"Software AG",Frankfurt,Data,200,0.04,2023-01-31,Post-IPO,Germany,344,203,0,0
Wish,"SF Bay Area",Retail,150,0.17,2023-01-31,Post-IPO,"United States",1600,204,0,0
Wefox,Berlin,Finance,100,NULL,2023-01-31,"Series D",Germany,1300,205,0,0
"Tilting Point","New York City",Consumer,60,0.14,2023-01-31,Unknown,"United States",235,206,0,0
Gokada,Lagos,Transportation,54,NULL,2023-01-31,Unknown,Nigeria,12,207,0,0
AU10TIX,"Tel Aviv",Security,19,0.09,2023-01-31,Unknown,Israel,80,208,0,0
Philips,Amsterdam,Healthcare,6000,0.13,2023-01-30,Post-IPO,Netherlands,NULL,211,0,0
"OLX Group",Amsterdam,Marketing,1500,0.15,2023-01-30,Acquired,Netherlands,NULL,212,0,0
Arrival,London,Transportation,800,0.50,2023-01-30,Post-IPO,"United Kingdom",629,213,0,0
Groupon,Chicago,Retail,500,NULL,2023-01-30,Post-IPO,"United States",1400,214,0,0
Intel,"SF Bay Area",Hardware,343,NULL,2023-01-30,Post-IPO,"United States",12,215,0,0
Glovo,Barcelona,Food,250,0.06,2023-01-30,Acquired,Spain,1200,216,0,0
"Delivery Hero",Berlin,Food,156,0.04,2023-01-30,Post-IPO,Germany,9900,217,0,0
"Impossible Foods copy","SF Bay Area",Food,140,0.20,2023-01-30,"Series H","United States",1900,218,0,0
Chrono24,Karlsruhe,Retail,65,0.13,2023-01-30,"Series C",Germany,205,219,0,0
"Me Poupe","Sao Paulo",Finance,60,0.50,2023-01-28,Unknown,Brazil,NULL,227,0,0
CoinTracker,"SF Bay Area",Crypto,19,NULL,2023-01-28,"Series A","United States",101,228,0,0
SSense,Montreal,Retail,138,0.07,2023-01-27,"Series A",Canada,NULL,229,0,0
DealShare,Bengaluru,Retail,100,0.06,2023-01-27,"Series E",India,390,230,0,0
Ruggable,"Los Angeles",Retail,100,NULL,2023-01-27,Seed,"United States",NULL,231,0,0
Synopsys,"SF Bay Area",Other,100,NULL,2023-01-27,Post-IPO,"United States",NULL,232,0,0
Heycar,Berlin,Transportation,73,NULL,2023-01-27,Unknown,Germany,NULL,233,0,0
Matrixport,Singapore,Crypto,29,0.10,2023-01-27,"Series C",Singapore,100,234,0,0
Shakepay,Montreal,Crypto,21,0.25,2023-01-27,"Series A",Canada,45,235,0,0
#Paid,Toronto,Marketing,19,0.17,2023-01-27,"Series B",Canada,21,236,0,0
SAP,Walldorf,Other,3000,0.03,2023-01-26,Post-IPO,Germany,1300,240,0,0
Confluent,"SF Bay Area",Data,221,0.08,2023-01-26,Post-IPO,"United States",455,241,0,0
IBM,"New York City",Hardware,3900,0.02,2023-01-25,Post-IPO,"United States",NULL,246,0,0
"Lam Research","SF Bay Area",Hardware,1300,0.07,2023-01-25,Post-IPO,"United States",NULL,247,0,0
Shutterfly,"SF Bay Area",Retail,360,NULL,2023-01-25,Acquired,"United States",50,248,0,0
Luno,London,Crypto,330,0.35,2023-01-25,Acquired,"United Kingdom",13,249,0,0
"Clear Capital",Reno,"Real Estate",250,0.25,2023-01-25,Unknown,"United States",NULL,250,0,0
"Guardant Health","SF Bay Area",Healthcare,130,0.07,2023-01-25,Post-IPO,"United States",550,251,0,0
SirionLabs,Seattle,Legal,130,0.15,2023-01-25,"Series D","United States",171,252,0,0
"Tier Mobility",Berlin,Transportation,80,0.07,2023-01-25,"Series D",Germany,646,253,0,0
Vacasa,Portland,Travel,1300,0.17,2023-01-24,Post-IPO,"United States",834,259,0,0
Innovaccer,"SF Bay Area",Healthcare,245,0.15,2023-01-24,"Series E","United States",379,260,0,0
Bolt,"SF Bay Area",Finance,50,0.10,2023-01-24,"Series E","United States",1300,261,0,0
PartnerStack,Toronto,Sales,40,0.20,2023-01-24,"Series B",Canada,36,262,0,0
Gitpod,Kiel,Product,21,0.28,2023-01-24,"Series A",Germany,41,263,0,0
"OFFOR Health",Columbus,Healthcare,16,NULL,2023-01-24,"Series A","United States",14,264,0,0
Venngage,Toronto,Marketing,11,0.20,2023-01-24,Unknown,Canada,NULL,265,0,0
Spotify,Stockholm,Media,600,0.06,2023-01-23,Post-IPO,Sweden,2100,271,0,0
"Uber Freight","SF Bay Area",Logistics,150,0.03,2023-01-23,Subsidiary,"United States",2700,272,0,0
Inmobi,Bengaluru,Marketing,50,NULL,2023-01-23,Unknown,India,320,273,0,0
Innovid,"New York City",Marketing,40,0.10,2023-01-23,Post-IPO,"United States",295,274,0,0
Booktopia,Sydney,Retail,30,NULL,2023-01-23,"Series A",Australia,23,275,0,0
Ermetic,"SF Bay Area",Security,30,0.17,2023-01-23,"Series B","United States",97,276,0,0
Namogoo,"Tel Aviv",Marketing,20,0.15,2023-01-23,"Series C","United States",69,277,0,0
Google,"SF Bay Area",Consumer,12000,0.06,2023-01-20,Post-IPO,"United States",26,282,0,0
Wayfair,Boston,Retail,1750,0.10,2023-01-20,Post-IPO,"United States",1700,283,0,0
Swiggy,Bengaluru,Food,380,0.06,2023-01-20,Unknown,India,3600,284,0,0
MediBuddy,Bengaluru,Healthcare,200,NULL,2023-01-20,Acquired,India,192,285,0,0
"Vox Media","Washington D.C.",Media,130,0.07,2023-01-20,"Series F","United States",307,286,0,0
BitTorrent,"SF Bay Area",Infrastructure,92,NULL,2023-01-20,Acquired,"United States",NULL,287,0,0
Karat,Seattle,HR,47,NULL,2023-01-20,Unknown,"United States",169,288,0,0
Enjoei,"Sao Paulo",Retail,31,0.10,2023-01-20,Unknown,Brazil,14,289,0,0
Edifecs,Seattle,Healthcare,30,NULL,2023-01-20,Unknown,"United States",1,290,0,0
"Citrine Informatics","SF Bay Area",Data,22,0.27,2023-01-20,"Series C","United States",64,291,0,0
"Capital One","Washington D.C.",Finance,1100,NULL,2023-01-19,Post-IPO,"United States",NULL,297,0,0
Proterra,"SF Bay Area",Transportation,300,NULL,2023-01-19,Post-IPO,"United States",1200,298,0,0
WeWork,"New York City","Real Estate",300,NULL,2023-01-19,Post-IPO,"United States",22200,299,0,0
Hubilo,"SF Bay Area",Other,115,0.35,2023-01-19,"Series B","United States",153,300,0,0
Saks.com,"New York City",Retail,100,0.05,2023-01-19,Unknown,"United States",965,301,0,0
"CS Disco",Austin,Legal,62,0.09,2023-01-19,Post-IPO,"United States",233,302,0,0
"Riot Games","Los Angeles",Consumer,46,NULL,2023-01-19,Acquired,"United States",21,303,0,0
Hydrow,Boston,Fitness,30,NULL,2023-01-19,"Series D","United States",269,304,0,0
Microsoft,Seattle,Other,10000,0.05,2023-01-18,Post-IPO,"United States",1,315,0,0
Sophos,Oxford,Security,450,0.10,2023-01-18,Acquired,"United States",125,316,0,0
"Teladoc Health","New York City",Healthcare,300,0.06,2023-01-18,Post-IPO,"United States",172,317,0,0
Vroom,"New York City",Transportation,275,0.20,2023-01-18,Post-IPO,"United States",1300,318,0,0
8x8,"SF Bay Area",Support,155,0.07,2023-01-18,Post-IPO,"United States",253,319,0,0
Pagaya,"New York City",Finance,140,0.20,2023-01-18,Post-IPO,"United States",571,320,0,0
Benevity,Calgary,Other,137,0.14,2023-01-18,Unknown,Canada,69,321,0,0
Inspirato,Denver,Travel,109,0.12,2023-01-18,Post-IPO,"United States",179,322,0,0
Jumpcloud,Boulder,Security,100,0.12,2023-01-18,"Series F","United States",416,323,0,0
nCino,Wilmington,Finance,100,0.07,2023-01-18,Post-IPO,"United States",1100,324,0,0
Starry,Boston,Other,100,0.24,2023-01-18,Post-IPO,"United States",260,325,0,0
Hootsuite,Vancouver,Marketing,70,0.07,2023-01-18,"Series C",Canada,300,326,0,0
Clue,Berlin,Healthcare,31,0.31,2023-01-18,Unknown,Germany,47,327,0,0
Addepar,"SF Bay Area",Finance,20,0.03,2023-01-18,"Series F","United States",491,328,0,0
"Lightspeed Commerce",Montreal,Retail,300,0.10,2023-01-17,Post-IPO,Canada,1200,339,0,0
Unity,"SF Bay Area",Other,284,0.03,2023-01-17,Post-IPO,"United States",1300,340,0,0
Britishvolt,London,Transportation,206,1.00,2023-01-17,Unknown,"United Kingdom",2400,341,0,0
Clutch,Toronto,Transportation,150,NULL,2023-01-17,Unknown,Canada,253,342,0,0
Exotel,Bengaluru,Support,142,0.15,2023-01-17,"Series D",India,87,343,0,0
Unico,"Sao Paulo",Other,110,0.10,2023-01-17,"Series D",Brazil,336,344,0,0
Tul,Bogota,Construction,100,NULL,2023-01-17,"Series B",Colombia,218,345,0,0
"American Robotics",Boston,Other,50,0.65,2023-01-17,Acquired,"United States",92,346,0,0
"Luxury Presence","Los Angeles","Real Estate",44,NULL,2023-01-17,"Series B","United States",31,347,0,0
RingCentral,"SF Bay Area",Other,30,NULL,2023-01-17,Post-IPO,"United States",44,348,0,0
PagBank,"Sao Paulo",Finance,500,0.07,2023-01-16,Post-IPO,Brazil,NULL,356,0,0
ShareChat,Bengaluru,Consumer,500,0.20,2023-01-16,"Series H",India,1700,357,0,0
Gramophone,Indore,Food,75,NULL,2023-01-16,"Series B",India,17,358,0,0
ClearCo,Toronto,Finance,50,0.30,2023-01-16,"Series C",Canada,698,359,0,0
"Captain Fresh",Bengaluru,Food,120,NULL,2023-01-15,"Series C",India,126,363,0,0
Snappy,"New York City",Marketing,100,0.30,2023-01-15,"Series C","United States",104,364,0,0
BharatAgri,Mumbai,Food,40,0.43,2023-01-15,"Series A",India,21,365,0,0
"Black Shark",Shenzen,Hardware,900,NULL,2023-01-13,Unknown,China,NULL,367,0,0
Ola,Bengaluru,Transportation,200,NULL,2023-01-13,"Series J",India,5000,368,0,0
Bonterra,Austin,Other,140,0.10,2023-01-13,Unknown,"United States",NULL,369,0,0
Vial,"SF Bay Area",Healthcare,40,NULL,2023-01-13,"Series B","United States",101,370,0,0
"Lending Club","SF Bay Area",Finance,225,0.14,2023-01-12,Post-IPO,"United States",392,376,0,0
SmartNews,Tokyo,Media,120,0.40,2023-01-12,"Series F","United States",410,377,0,0
Skit.ai,Bengaluru,Support,115,NULL,2023-01-12,"Series B",India,28,378,0,0
Pier,"Sao Paulo",Finance,111,0.39,2023-01-12,"Series B",Brazil,42,379,0,0
Blockchain.com,London,Crypto,110,0.28,2023-01-12,"Series D","United Kingdom",490,380,0,0
Greenlight,Atlanta,Finance,104,0.21,2023-01-12,"Series D","United States",556,381,0,0
"Cashfree Payments",Bengaluru,Finance,100,NULL,2023-01-12,"Series B",India,41,382,0,0
Mapbox,"Washington D.C.",Data,64,NULL,2023-01-12,Unknown,"United States",334,383,0,0
"Definitive Healthcare",Boston,Healthcare,55,0.06,2023-01-12,Post-IPO,"United States",NULL,384,0,0
"Akili Labs",Baltimore,Healthcare,46,0.30,2023-01-12,Seed,"United States",NULL,385,0,0
"Career Karma","SF Bay Area",Education,22,NULL,2023-01-12,"Series B","United States",51,386,0,0
Flexport,"SF Bay Area",Logistics,640,0.20,2023-01-11,"Series E","United States",2400,391,0,0
Qualtrics,"Salt Lake City",Other,270,0.05,2023-01-11,Post-IPO,"United States",400,392,0,0
Verily,"SF Bay Area",Healthcare,250,0.15,2023-01-11,NULL,"United States",3500,393,0,0
Tipalti,"SF Bay Area",Finance,123,0.11,2023-01-11,"Series F","United States",565,394,0,0
Jumio,"SF Bay Area",Security,100,0.06,2023-01-11,"Private Equity","United States",205,395,0,0
CoinDCX,Mumbai,Crypto,80,NULL,2023-01-11,"Series D",India,244,396,0,0
HashiCorp,"SF Bay Area",Security,69,NULL,2023-01-11,Post-IPO,"United States",349,397,0,0
Embark,Boston,Healthcare,41,NULL,2023-01-11,"Series B","United States",94,398,0,0
Intrinsic,"SF Bay Area",Other,40,0.20,2023-01-11,Acquired,"United States",NULL,399,0,0
Citizen,"New York City",Consumer,33,NULL,2023-01-11,"Series C","United States",133,400,0,0
Coinbase,"SF Bay Area",Crypto,950,0.20,2023-01-10,Post-IPO,"United States",549,405,0,0
Informatica,"SF Bay Area",Data,450,0.07,2023-01-10,Post-IPO,"United States",NULL,406,0,0
Blend,"SF Bay Area",Finance,340,0.28,2023-01-10,Post-IPO,"United States",665,407,0,0
"Till Payments",Sydney,Finance,120,NULL,2023-01-10,"Series C",Australia,95,408,0,0
ConsenSys,"New York City",Crypto,100,0.11,2023-01-10,"Series D","United States",726,409,0,0
ForeScout,"SF Bay Area",Security,100,0.10,2023-01-10,Post-IPO,"United States",125,410,0,0
Thinkific,Vancouver,Education,76,0.19,2023-01-10,Post-IPO,Canada,22,411,0,0
LEAD,Mumbai,Education,60,NULL,2023-01-10,"Series E",India,190,412,0,0
Parler,Nashville,Consumer,60,0.75,2023-01-10,"Series B","United States",36,413,0,0
GoBolt,Toronto,Logistics,55,0.05,2023-01-10,"Series C",Canada,178,414,0,0
Relevel,Bengaluru,HR,40,0.20,2023-01-10,NULL,India,NULL,415,0,0
StreamElements,"Tel Aviv",Media,40,0.20,2023-01-10,"Series B",Israel,111,416,0,0
"Fate Therapeutics","San Diego",Healthcare,315,0.57,2023-01-09,Post-IPO,"United States",1200,423,0,0
"Minute Media",London,Media,50,0.10,2023-01-08,"Series I","United Kingdom",160,427,0,0
WalkMe,"SF Bay Area",Other,43,0.03,2023-01-08,Post-IPO,"United States",307,428,0,0
Huobi,Beijing,Crypto,275,0.20,2023-01-06,Unknown,China,2,429,0,0
"Carbon Health","SF Bay Area",Healthcare,200,NULL,2023-01-06,"Series D","United States",522,430,0,0
Bounce,Bengaluru,Transportation,40,0.05,2023-01-06,"Series D",India,214,431,0,0
Cue,"San Diego",Healthcare,388,NULL,2023-01-05,Post-IPO,"United States",999,438,0,0
SoundHound,"SF Bay Area",Other,200,0.50,2023-01-05,Post-IPO,"United States",326,439,0,0
Socure,Reno,Finance,104,0.19,2023-01-05,"Series E","United States",646,440,0,0
Genesis,"New York City",Crypto,60,0.30,2023-01-05,"Series A","United States",NULL,441,0,0
Moglix,Singapore,Retail,40,0.02,2023-01-05,"Series F",Singapore,472,442,0,0
Twitter,"SF Bay Area",Consumer,40,NULL,2023-01-05,Post-IPO,"United States",12900,443,0,0
Everlane,"SF Bay Area",Retail,30,0.17,2023-01-05,Unknown,"United States",176,444,0,0
"Pecan AI","Tel Aviv",Data,30,0.25,2023-01-05,"Series C",Israel,116,445,0,0
Personetics,"New York City",Support,30,0.08,2023-01-05,"Private Equity","United States",178,446,0,0
"Twine Solutions","Tel Aviv",Hardware,30,0.33,2023-01-05,Unknown,Israel,50,447,0,0
UpScalio,Gurugram,Retail,25,0.15,2023-01-05,"Series B",India,62,448,0,0
Amazon,Seattle,Retail,8000,0.02,2023-01-04,Post-IPO,"United States",108,454,0,0
Salesforce,"SF Bay Area",Sales,8000,0.10,2023-01-04,Post-IPO,"United States",65,455,0,0
Astronomer,Cincinnati,Data,76,0.20,2023-01-04,"Series C","United States",282,456,0,0
Kaltura,"New York City",Media,75,0.11,2023-01-04,Post-IPO,"United States",166,457,0,0
Augury,"New York City",Manufacturing,20,0.05,2023-01-04,"Series E","United States",274,458,0,0
Pegasystems,Boston,HR,245,0.04,2023-01-03,Post-IPO,"United States",NULL,462,0,0
Uniphore,"SF Bay Area",Support,76,0.10,2023-01-03,"Series E","United States",620,463,0,0
Harappa,"New Delhi",Education,60,0.30,2023-01-03,Acquired,India,NULL,464,0,0
Amdocs,"St. Louis",Support,700,0.03,2023-01-02,Post-IPO,"United States",NULL,466,0,0
PayU,Amsterdam,Finance,150,0.06,2022-12-26,Acquired,Netherlands,NULL,469,0,0
Willow,Sydney,"Real Estate",99,0.22,2022-12-23,Unknown,Australia,NULL,471,0,0
"Back Market",Paris,Retail,93,0.13,2022-12-23,"Series E",France,1000,472,0,0
Zoopla,London,"Real Estate",50,NULL,2022-12-23,"Series C","United Kingdom",25,473,0,0
Qualcomm,"San Diego",Hardware,153,NULL,2022-12-22,Post-IPO,"United States",NULL,474,0,0
TuSimple,"San Diego",Transportation,350,0.25,2022-12-21,Post-IPO,"United States",648,475,0,0
Chope,Singapore,Food,65,0.24,2022-12-20,"Series E",Singapore,50,477,0,0
Briza,Toronto,Finance,26,0.40,2022-12-20,"Series A",Canada,10,478,0,0
Homebot,Denver,"Real Estate",18,0.13,2022-12-19,Acquired,"United States",4,481,0,0
Tomorrow,Hamburg,Finance,30,0.25,2022-12-16,Unknown,Germany,29,485,0,0
Revelate,Montreal,Data,24,0.30,2022-12-16,"Series A",Canada,26,486,0,0
BigCommerce,Austin,Retail,180,0.13,2022-12-15,Post-IPO,"United States",224,493,0,0
Freshworks,"SF Bay Area",Support,90,0.02,2022-12-15,Post-IPO,"United States",484,494,0,0
LeafLink,"New York City",Other,80,0.31,2022-12-15,"Series C","United States",379,495,0,0
Workmotion,Berlin,HR,60,0.20,2022-12-15,"Series B","United States",76,496,0,0
JD.ID,Jakarta,Retail,200,0.30,2022-12-14,Post-IPO,Indonesia,5100,498,0,0
GoStudent,Vienna,Education,100,NULL,2022-12-14,"Series D",Austria,686,499,0,0
"Quanergy Systems","SF Bay Area",Transportation,72,NULL,2022-12-14,Post-IPO,"United States",175,500,0,0
Headspace,"Los Angeles",Healthcare,50,0.04,2022-12-14,Unknown,"United States",215,501,0,0
ChowNow,"Los Angeles",Food,40,0.10,2022-12-14,"Series C","United States",64,502,0,0
Thumbtack,"SF Bay Area",Consumer,160,0.14,2022-12-13,"Series I","United States",698,504,0,0
Edgio,Phoenix,Infrastructure,95,0.10,2022-12-13,Post-IPO,"United States",462,505,0,0
"Komodo Health","SF Bay Area",Healthcare,78,0.09,2022-12-13,"Series E","United States",514,506,0,0
Viant,"Los Angeles",Marketing,46,0.13,2022-12-13,Post-IPO,"United States",NULL,507,0,0
Pluralsight,"Salt Lake City",Education,400,0.20,2022-12-12,Acquired,"United States",192,509,0,0
Freshly,Phoenix,Food,329,NULL,2022-12-12,Acquired,"United States",107,510,0,0
Balto,"St. Louis",Sales,35,NULL,2022-12-12,"Series B","United States",51,511,0,0
Outschool,"SF Bay Area",Education,43,0.25,2022-12-10,"Series D","United States",240,513,0,0
Xentral,Munich,Product,20,0.10,2022-12-10,"Series B",Germany,94,514,0,0
Playtika,"Tel Aviv",Consumer,600,0.15,2022-12-09,Post-IPO,Israel,NULL,518,0,0
"Share Now",Berlin,Transportation,150,0.36,2022-12-09,Acquired,Germany,NULL,519,0,0
Alice,"Sao Paulo",Healthcare,113,0.16,2022-12-09,"Series C",Brazil,174,520,0,0
Primer,London,Finance,85,0.33,2022-12-09,"Series B","United Kingdom",73,521,0,0
OneFootball,Berlin,Marketing,62,0.12,2022-12-09,"Series D",Germany,442,522,0,0
C2FO,"Kansas City",Finance,20,0.02,2022-12-09,"Series H","United States",537,523,0,0
Airtable,"SF Bay Area",Product,254,0.20,2022-12-08,"Series F","United States",1400,528,0,0
Swiggy,Bengaluru,Food,250,0.03,2022-12-08,Unknown,India,3600,529,0,0
Glints,Singapore,HR,198,0.18,2022-12-08,"Series D",Singapore,82,530,0,0
Buser,"Sao Paulo",Transportation,160,0.30,2022-12-08,"Series C",Brazil,138,531,0,0
BlackLine,"Los Angeles",Finance,95,0.05,2022-12-08,"Private Equity","United States",220,532,0,0
Chrono24,Karlsruhe,Retail,80,NULL,2022-12-08,"Series C",Germany,205,533,0,0
Otonomo,"Tel Aviv",Transportation,80,0.50,2022-12-08,Post-IPO,Israel,231,534,0,0
TechTarget,Boston,Marketing,60,0.05,2022-12-08,Post-IPO,"United States",115,535,0,0
Inscripta,Boulder,Healthcare,43,NULL,2022-12-08,"Series E","United States",459,536,0,0
CyCognito,"SF Bay Area",Security,30,0.15,2022-12-08,"Series C","United States",153,537,0,0
Armis,"SF Bay Area",Security,25,0.04,2022-12-08,"Private Equity","United States",537,538,0,0
Vedantu,Bengaluru,Education,385,NULL,2022-12-07,"Series E",India,292,545,0,0
Loft,"Sao Paulo","Real Estate",312,0.12,2022-12-07,Unknown,Brazil,788,546,0,0
Plaid,"SF Bay Area",Finance,260,0.20,2022-12-07,"Series D","United States",734,547,0,0
Motive,"SF Bay Area",Transportation,237,0.06,2022-12-07,"Series F","United States",567,548,0,0
"Recur Forever",Miami,Crypto,235,NULL,2022-12-07,"Series A","United States",55,549,0,0
Relativity,Chicago,Legal,150,0.10,2022-12-07,"Private Equity","United States",125,550,0,0
Voi,Stockholm,Transportation,130,0.13,2022-12-07,"Series D","United States",515,551,0,0
"Integral Ad Science","New York City",Marketing,120,0.13,2022-12-07,Acquired,"United States",116,552,0,0
Houzz,"SF Bay Area",Consumer,95,0.08,2022-12-07,"Series E","United States",613,553,0,0
Grover,Berlin,Retail,40,0.10,2022-12-07,Unknown,"United States",2300,554,0,0
Lev,"New York City","Real Estate",30,0.30,2022-12-07,"Series B","United States",114,555,0,0
Lithic,"New York City",Finance,27,0.18,2022-12-07,"Series C","United States",115,556,0,0
Doma,"SF Bay Area",Finance,515,0.40,2022-12-06,Post-IPO,"United States",679,560,0,0
Intel,"SF Bay Area",Hardware,201,NULL,2022-12-06,Post-IPO,"United States",12,561,0,0
BuzzFeed,"New York City",Media,180,0.12,2022-12-06,Post-IPO,"United States",696,562,0,0
Weedmaps,"Los Angeles",Other,175,0.25,2022-12-06,Acquired,"United States",NULL,563,0,0
Adobe,"SF Bay Area",Marketing,100,NULL,2022-12-06,Post-IPO,"United States",2,564,0,0
"Chipper Cash","SF Bay Area",Finance,50,0.13,2022-12-06,"Series C","United States",302,565,0,0
Stash,"New York City",Finance,32,0.08,2022-12-06,Unknown,"United States",480,566,0,0
"Perimeter 81","Tel Aviv",Security,20,0.08,2022-12-06,"Series C",Israel,165,567,0,0
Koinly,London,Crypto,16,0.14,2022-12-06,Unknown,"United Kingdom",NULL,568,0,0
Bridgit,Waterloo,Construction,13,0.13,2022-12-06,"Series B",Canada,36,569,0,0
Swyftx,Brisbane,Crypto,90,0.40,2022-12-05,Unknown,Australia,NULL,575,0,0
"Aqua Security",Boston,Security,65,0.10,2022-12-05,"Series E","United States",265,576,0,0
DataRails,"Tel Aviv",Finance,30,0.18,2022-12-05,"Series B",Israel,103,577,0,0
OYO,Gurugram,Travel,600,NULL,2022-12-03,"Series F",India,4000,581,0,0
HealthifyMe,Bengaluru,Fitness,150,NULL,2022-12-03,"Series C",India,100,582,0,0
Cognyte,"Tel Aviv",Security,100,0.05,2022-12-02,Unknown,Israel,NULL,584,0,0
ShareChat,Bengaluru,Consumer,100,NULL,2022-12-02,Unknown,India,1700,585,0,0
Polly,Burlington,Finance,47,0.15,2022-12-02,"Series C","United States",184,586,0,0
Carousell,Singapore,Retail,110,0.10,2022-12-01,"Private Equity",Singapore,372,589,0,0
Bizzabo,"New York City",Marketing,100,0.37,2022-12-01,"Series E","United States",194,590,0,0
BloomTech,"SF Bay Area",Education,88,0.50,2022-12-01,Unknown,"United States",NULL,591,0,0
Netlify,"SF Bay Area",Product,48,0.16,2022-12-01,"Series D","United States",212,592,0,0
Springbig,Miami,Sales,37,0.23,2022-12-01,Post-IPO,"United States",32,593,0,0
DoorDash,"SF Bay Area",Food,1250,0.06,2022-11-30,Post-IPO,"United States",2500,599,0,0
Kraken,"SF Bay Area",Crypto,1100,0.30,2022-11-30,Unknown,"United States",134,600,0,0
"Happy Money","Los Angeles",Finance,158,0.34,2022-11-30,"Series D","United States",191,601,0,0
Ula,Jakarta,Retail,134,0.23,2022-11-30,"Series B",Indonesia,140,602,0,0
Wonder,"New York City",Food,130,0.07,2022-11-30,"Series B","United States",850,603,0,0
StudySmarter,Berlin,Education,70,NULL,2022-11-30,"Series A",Germany,64,604,0,0
Grin,Sacramento,Marketing,60,0.13,2022-11-30,"Series B","United States",145,605,0,0
UalÃ¡,"Buenos Aires",Finance,53,0.03,2022-11-30,"Series D",Argentina,544,606,0,0
Teachmint,Bengaluru,Education,45,0.05,2022-11-30,"Series B",India,118,607,0,0
Etermax,"Buenos Aires",Other,40,NULL,2022-11-30,Unknown,Argentina,NULL,608,0,0
Thread,London,Retail,30,0.50,2022-11-30,Acquired,"United Kingdom",40,609,0,0
Bitso,"Mexico City",Crypto,100,NULL,2022-11-29,"Series C",Mexico,378,615,0,0
Lyst,London,Retail,50,0.25,2022-11-29,Unknown,"United Kingdom",144,616,0,0
CoinJar,Melbourne,Crypto,10,0.20,2022-11-29,Unknown,Australia,1,617,0,0
Infarm,Berlin,Other,500,0.50,2022-11-28,"Series D",Germany,604,625,0,0
"Wildlife Studios","Sao Paulo",Consumer,300,0.20,2022-11-28,Unknown,Brazil,260,626,0,0
Hirect,Bengaluru,Recruiting,200,0.40,2022-11-28,"Series A",India,NULL,627,0,0
ApplyBoard,Waterloo,Education,90,0.06,2022-11-28,"Series D",Canada,483,628,0,0
Ajaib,Jakarta,Finance,67,0.08,2022-11-28,Unknown,Indonesia,245,629,0,0
"Candy Digital","New York City",Crypto,33,0.33,2022-11-28,"Series A","United States",100,630,0,0
ResearchGate,Berlin,Other,25,0.10,2022-11-28,"Series D",Germany,87,631,0,0
"VerSe Innovation",Bengaluru,Media,150,0.05,2022-11-25,"Series J",India,1700,639,0,0
Carwow,London,Transportation,70,0.20,2022-11-25,Unknown,"United Kingdom",157,640,0,0
Vendease,Lagos,Food,27,0.09,2022-11-25,"Series A",Nigeria,43,641,0,0
Lemon,"Buenos Aires",Crypto,100,0.38,2022-11-24,"Series A",Argentina,17,642,0,0
Quidax,Lagos,Crypto,20,0.20,2022-11-24,Unknown,Nigeria,3,643,0,0
"Western Digital","SF Bay Area",Hardware,251,NULL,2022-11-22,Post-IPO,"United States",900,649,0,0
SIRCLO,Jakarta,Retail,160,0.08,2022-11-22,"Series B",Indonesia,92,650,0,0
Trax,Singapore,Retail,80,0.08,2022-11-22,"Series E",Singapore,1000,651,0,0
Jumia,Lagos,Retail,900,0.20,2022-11-21,Post-IPO,Nigeria,1200,655,0,0
Kitopi,Dubai,Food,93,0.10,2022-11-21,"Series C","United States",804,656,0,0
Zomato,Gurugram,Food,100,0.04,2022-11-19,"Series J",India,914,659,0,0
Carvana,Phoenix,Transportation,1500,0.08,2022-11-18,Post-IPO,"United States",1600,660,0,0
Nuro,"SF Bay Area",Transportation,300,0.20,2022-11-18,"Series D","United States",2100,661,0,0
Synthego,"SF Bay Area",Healthcare,105,0.20,2022-11-18,"Series E","United States",459,662,0,0
Splyt,London,Transportation,57,NULL,2022-11-18,"Series B","United Kingdom",34,663,0,0
Roku,"SF Bay Area",Media,200,0.07,2022-11-17,Post-IPO,"United States",208,670,0,0
Orchard,"New York City","Real Estate",180,NULL,2022-11-17,"Series D","United States",472,671,0,0
Homepoint,Phoenix,"Real Estate",113,NULL,2022-11-17,Post-IPO,"United States",NULL,672,0,0
Juni,Gothenburg,Finance,72,0.33,2022-11-17,Unknown,Sweden,281,673,0,0
"Chili Piper","New York City",Sales,58,NULL,2022-11-17,"Series B","United States",54,674,0,0
Capitolis,"New York City",Finance,37,0.25,2022-11-17,"Series D","United States",281,675,0,0
TealBook,Toronto,Other,34,0.19,2022-11-17,"Series B",Canada,73,676,0,0
Koho,Toronto,Finance,15,0.04,2022-11-17,"Series D",Canada,278,677,0,0
&Open,Dublin,Marketing,9,0.09,2022-11-17,"Series A",Ireland,35,678,0,0
Amazon,Seattle,Retail,10000,0.03,2022-11-16,Post-IPO,"United States",108,682,0,0
Cisco,"SF Bay Area",Infrastructure,4100,0.05,2022-11-16,Post-IPO,"United States",2,683,0,0
Twiga,Nairobi,Food,211,0.21,2022-11-16,"Series C",Kenya,157,684,0,0
Wayflyer,Dublin,Marketing,200,0.40,2022-11-16,Unknown,Ireland,889,685,0,0
SimilarWeb,"New York City",Other,120,0.10,2022-11-16,Post-IPO,"United States",235,686,0,0
Salsify,Boston,Retail,90,0.11,2022-11-16,"Series F","United States",452,687,0,0
Lokalise,Dover,Other,76,0.23,2022-11-16,"Series B","United States",56,688,0,0
Yotpo,"New York City",Marketing,70,0.09,2022-11-16,Unknown,"United States",436,689,0,0
"Pear Therapeutics",Boston,Healthcare,59,0.22,2022-11-16,Post-IPO,"United States",409,690,0,0
UiPath,"New York City",Data,241,0.06,2022-11-15,Post-IPO,"United States",2000,697,0,0
Asana,"SF Bay Area",Other,180,0.09,2022-11-15,Post-IPO,"United States",453,698,0,0
OwnBackup,"New York City",Security,170,0.17,2022-11-15,"Series E","United States",507,699,0,0
"Deliveroo Australia",Melbourne,Food,120,1.00,2022-11-15,Post-IPO,Australia,1700,700,0,0
Productboard,"SF Bay Area",Product,100,0.20,2022-11-15,"Series D","United States",NULL,701,0,0
Properly,Toronto,"Real Estate",71,NULL,2022-11-15,"Series B",Canada,154,702,0,0
Protocol,"SF Bay Area",Media,60,1.00,2022-11-15,Acquired,"United States",NULL,703,0,0
Jimdo,Hamburg,Other,50,0.16,2022-11-15,Unknown,Germany,28,704,0,0
"The Zebra",Austin,Finance,50,NULL,2022-11-15,"Series D","United States",256,705,0,0
Viber,Luxembourg,Consumer,45,0.08,2022-11-15,Acquired,Luxembourg,NULL,706,0,0
CaptivateIQ,"SF Bay Area",Sales,31,0.10,2022-11-15,"Series C","United States",164,707,0,0
Illumina,"San Diego",Healthcare,500,0.05,2022-11-14,Post-IPO,"United States",28,717,0,0
Sema4,Stamford,Healthcare,500,NULL,2022-11-14,Post-IPO,"United States",791,718,0,0
iFit,Logan,Fitness,300,0.20,2022-11-14,"Private Equity","United States",200,719,0,0
Ribbon,"New York City","Real Estate",170,0.85,2022-11-14,"Series C","United States",405,720,0,0
Pipedrive,Tallinn,Sales,143,0.15,2022-11-14,"Private Equity",Estonia,90,721,0,0
Intercom,"SF Bay Area",Support,124,0.13,2022-11-14,"Series D","United States",240,722,0,0
"Science 37","Los Angeles",Healthcare,90,NULL,2022-11-14,Post-IPO,"United States",347,723,0,0
"Pear Therapeutics",Boston,Healthcare,59,0.22,2022-11-14,Post-IPO,"United States",409,724,0,0
Cardlytics,Atlanta,Marketing,51,NULL,2022-11-14,Post-IPO,"United States",212,725,0,0
Cloudinary,"SF Bay Area",Media,40,0.08,2022-11-14,Unknown,"United States",100,726,0,0
Nestcoin,Lagos,Crypto,30,NULL,2022-11-14,Seed,Nigeria,6,727,0,0
Gokada,Lagos,Transportation,20,NULL,2022-11-14,Unknown,Nigeria,12,728,0,0
Veev,"SF Bay Area","Real Estate",100,0.30,2022-11-11,"Series D","United States",597,731,0,0
Forto,Berlin,Logistics,60,0.08,2022-11-11,"Series D","United States",593,732,0,0
"GoTo Group",Jakarta,Transportation,1300,0.12,2022-11-10,Post-IPO,Indonesia,1300,736,0,0
Juul,"SF Bay Area",Consumer,400,0.30,2022-11-10,Unknown,"United States",1500,737,0,0
Blend,"SF Bay Area",Finance,100,0.06,2022-11-10,Post-IPO,"United States",665,738,0,0
InfluxData,"SF Bay Area",Data,65,0.27,2022-11-10,"Series D","United States",119,739,0,0
Coinbase,"SF Bay Area",Crypto,60,NULL,2022-11-10,Post-IPO,"United States",549,740,0,0
SoundHound,"SF Bay Area",Other,45,0.10,2022-11-10,Post-IPO,"United States",326,741,0,0
Wistia,Boston,Marketing,40,NULL,2022-11-10,Unknown,"United States",18,742,0,0
Ocavu,Lehi,Crypto,20,0.48,2022-11-10,"Series A","United States",11,743,0,0
Meta,"SF Bay Area",Consumer,11000,0.13,2022-11-09,Post-IPO,"United States",26000,750,0,0
Redfin,Seattle,"Real Estate",862,0.13,2022-11-09,Post-IPO,"United States",320,751,0,0
Flyhomes,Seattle,"Real Estate",300,0.40,2022-11-09,"Series C","United States",310,752,0,0
AvantStay,"Los Angeles",Travel,144,0.22,2022-11-09,"Private Equity","United States",686,753,0,0
"Root Insurance",Columbus,Finance,137,0.20,2022-11-09,Post-IPO,"United States",527,754,0,0
Liftoff,"SF Bay Area",Marketing,130,0.15,2022-11-09,Acquired,"United States",6,755,0,0
Cameo,Chicago,Consumer,80,NULL,2022-11-09,Unknown,"United States",165,756,0,0
Plum,Bengaluru,Healthcare,36,0.10,2022-11-09,"Series A",India,20,757,0,0
Kabam,"SF Bay Area",Consumer,35,0.07,2022-11-09,Acquired,"United States",244,758,0,0
HighRadius,Bengaluru,Finance,25,NULL,2022-11-09,"Series C",India,475,759,0,0
Namogoo,"Tel Aviv",Marketing,25,0.15,2022-11-09,"Series C","United States",69,760,0,0
EverBridge,Boston,Other,200,NULL,2022-11-08,Post-IPO,"United States",476,767,0,0
"Repertoire Immune Medicines",Boston,Healthcare,65,0.50,2022-11-08,"Series B","United States",257,768,0,0
Salesforce,"SF Bay Area",Sales,1000,0.01,2022-11-07,Post-IPO,"United States",65,773,0,0
Unacademy,Bengaluru,Education,350,0.10,2022-11-07,"Series H",India,838,774,0,0
Zendesk,"SF Bay Area",Support,350,0.05,2022-11-07,Acquired,"United States",85,775,0,0
Dock,"Sao Paulo",Finance,190,0.12,2022-11-07,"Private Equity",Brazil,280,776,0,0
Varonis,"New York City",Security,110,0.05,2022-11-06,Post-IPO,"United States",30,779,0,0
Brainly,Krakow,Education,25,NULL,2022-11-06,"Series D",Poland,148,780,0,0
Twitter,"SF Bay Area",Consumer,3700,0.50,2022-11-04,Post-IPO,"United States",12900,782,0,0
Udaan,Bengaluru,Retail,350,NULL,2022-11-04,Unknown,India,1500,783,0,0
Planetly,Berlin,Other,200,1.00,2022-11-04,Acquired,Germany,5,784,0,0
KoinWorks,Jakarta,Finance,70,0.08,2022-11-04,Unknown,Indonesia,180,785,0,0
Exodus,"Nebraska City",Crypto,59,0.22,2022-11-04,Unknown,"United States",60,786,0,0
Stripe,"SF Bay Area",Finance,1000,0.14,2022-11-03,"Series H","United States",2300,789,0,0
Lyft,"SF Bay Area",Transportation,700,0.13,2022-11-03,Post-IPO,"United States",4900,790,0,0
LendingTree,Charlotte,Finance,200,NULL,2022-11-03,Post-IPO,"United States",NULL,791,0,0
Pleo,Copenhagen,Finance,150,0.15,2022-11-03,"Series C","United States",428,792,0,0
"Delivery Hero",Berlin,Food,100,NULL,2022-11-03,Post-IPO,Germany,8300,793,0,0
Shippo,"SF Bay Area",Logistics,60,0.20,2022-11-03,"Series E","United States",154,794,0,0
Opendoor,"SF Bay Area","Real Estate",550,0.18,2022-11-02,Post-IPO,"United States",1900,802,0,0
Chime,"SF Bay Area",Finance,156,0.12,2022-11-02,"Series G","United States",2300,803,0,0
Chargebee,"SF Bay Area",Finance,142,0.10,2022-11-02,"Series H","United States",468,804,0,0
"Dapper Labs",Vancouver,Crypto,134,0.22,2022-11-02,"Series D","United States",607,805,0,0
Checkmarx,"Tel Aviv",Security,100,0.10,2022-11-02,"Series C",Israel,92,806,0,0
Smava,Berlin,Finance,100,0.15,2022-11-02,Unknown,Germany,188,807,0,0
"Iron Ox","SF Bay Area",Food,50,0.50,2022-11-02,"Series C","United States",103,808,0,0
"Digital Currency Gruop",Stamford,Crypto,10,0.13,2022-11-02,Unknown,"United States",NULL,809,0,0
"Argo AI","SF Bay Area",Transportation,259,NULL,2022-11-01,Unknown,"United States",3600,812,0,0
Booking.com,"Grand Rapids",Travel,226,NULL,2022-11-01,Acquired,"United States",NULL,813,0,0
Oracle,"SF Bay Area",Other,200,NULL,2022-11-01,Post-IPO,"United States",NULL,814,0,0
Upstart,"SF Bay Area",Finance,140,0.07,2022-11-01,Post-IPO,"United States",144,815,0,0
Gem,"SF Bay Area",Recruiting,100,0.33,2022-11-01,"Series C","United States",148,816,0,0
Oda,Oslo,Food,70,0.18,2022-11-01,Unknown,Sweden,377,817,0,0
Oda,Oslo,Food,70,0.18,2022-11-01,Unknown,Norway,477,818,0,0
Oda,Oslo,Food,70,0.06,2022-11-01,Unknown,Norway,479,819,0,0
Hootsuite,Vancouver,Marketing,50,0.05,2022-11-01,"Series C",Canada,300,820,0,0
Drop,Toronto,Marketing,24,NULL,2022-11-01,"Series B",Canada,56,821,0,0
"Tapps Games","Sao Paulo",Consumer,10,NULL,2022-11-01,Unknown,Brazil,NULL,822,0,0
Kry,Stockholm,Healthcare,300,0.10,2022-10-31,"Series D",Sweden,568,825,0,0
Notarize,Boston,Legal,60,NULL,2022-10-31,"Series D","United States",213,826,0,0
EquityZen,"New York City",Finance,30,0.27,2022-10-31,"Series B","United States",11,827,0,0
Equitybee,"SF Bay Area",Finance,25,0.20,2022-10-31,"Series B","United States",85,828,0,0
Dukaan,Bengaluru,Retail,23,NULL,2022-10-31,"Series A",India,17,829,0,0
Amazon,Seattle,Retail,150,NULL,2022-10-28,Post-IPO,"United States",108,830,0,0
"Fifth Season",Pittsburgh,Food,100,1.00,2022-10-28,"Series B","United States",35,831,0,0
Advata,Seattle,Healthcare,32,0.21,2022-10-28,NULL,"United States",NULL,832,0,0
RenoRun,Montreal,Construction,210,0.43,2022-10-27,"Series B",Canada,163,834,0,0
Recharge,"Los Angeles",Finance,84,0.17,2022-10-27,"Series B","United States",277,835,0,0
Lattice,"SF Bay Area",HR,13,NULL,2022-10-27,"Series F","United States",328,836,0,0
MindBody,"San Luis Obispo",Fitness,400,0.15,2022-10-26,Post-IPO,"United States",114,839,0,0
Zillow,Seattle,"Real Estate",300,0.05,2022-10-26,Post-IPO,"United States",97,840,0,0
Cybereason,Boston,Security,200,0.17,2022-10-26,"Series F","United States",750,841,0,0
"Argo AI",Pittsburgh,Transportation,173,NULL,2022-10-26,Unknown,"United States",3600,842,0,0
GoFundMe,"SF Bay Area",Finance,94,0.12,2022-10-26,"Series A","United States",NULL,843,0,0
Fundbox,"SF Bay Area",Finance,150,0.42,2022-10-25,"Series D","United States",553,845,0,0
Embroker,"SF Bay Area",Finance,30,0.12,2022-10-25,"Series C","United States",142,846,0,0
Vee,"Tel Aviv",HR,17,0.50,2022-10-25,Seed,Israel,15,847,0,0
Philips,Amsterdam,Healthcare,4000,0.05,2022-10-24,Post-IPO,Netherlands,NULL,850,0,0
Cerebral,"SF Bay Area",Healthcare,400,0.20,2022-10-24,"Series C","United States",462,851,0,0
Snyk,Boston,Security,198,0.14,2022-10-24,"Series F","United States",849,852,0,0
McMakler,Berlin,"Real Estate",100,NULL,2022-10-24,Unknown,Germany,214,853,0,0
Unico,"Sao Paulo",Other,50,0.04,2022-10-24,"Series D",Brazil,336,854,0,0
OrCam,Jerusalem,Healthcare,62,0.16,2022-10-23,Unknown,Israel,86,855,0,0
"Antidote Health","Tel Aviv",Healthcare,23,0.38,2022-10-23,Unknown,Israel,36,856,0,0
Khoros,Austin,Sales,120,0.10,2022-10-21,"Private Equity","United States",138,857,0,0
F5,Seattle,Security,100,0.01,2022-10-21,Post-IPO,"United States",NULL,858,0,0
Elinvar,Berlin,Finance,43,0.33,2022-10-21,Unknown,Germany,30,859,0,0
Synapsica,"New Delhi",Healthcare,30,0.30,2022-10-21,"Series A",India,4,860,0,0
Hotmart,"Belo Horizonte",Marketing,227,0.12,2022-10-20,"Series C",Brazil,127,862,0,0
"Zeus Living","SF Bay Area","Real Estate",64,0.46,2022-10-20,"Series C","United States",151,863,0,0
Loom,"SF Bay Area",Product,23,0.11,2022-10-20,"Series C","United States",203,864,0,0
"Sales Boomerang",Baltimore,Sales,20,NULL,2022-10-20,"Private Equity","United States",5,865,0,0
Gopuff,Philadelphia,Food,250,NULL,2022-10-19,"Series H","United States",3400,869,0,0
AtoB,"SF Bay Area",Finance,32,0.30,2022-10-19,"Series B","United States",177,870,0,0
InfoSum,London,Security,20,0.12,2022-10-19,"Series B","United Kingdom",88,871,0,0
Faire,"SF Bay Area",Retail,84,0.07,2022-10-18,"Series G","United States",1700,875,0,0
Leafly,Seattle,Retail,56,0.21,2022-10-18,Post-IPO,"United States",71,876,0,0
"Ada Health",Berlin,Healthcare,50,NULL,2022-10-17,"Series B",Germany,189,877,0,0
Tiendanube,"Buenos Aires",Marketing,50,0.05,2022-10-17,Unknown,Argentina,NULL,878,0,0
Flipboard,"SF Bay Area",Media,24,0.21,2022-10-16,Unknown,"United States",235,881,0,0
"Clear Capital",Reno,"Real Estate",378,0.27,2022-10-14,Unknown,"United States",NULL,883,0,0
"Beyond Meat","Los Angeles",Food,200,0.19,2022-10-14,Post-IPO,"United States",122,884,0,0
Salesforce,"SF Bay Area",Sales,90,NULL,2022-10-13,Post-IPO,"United States",65,887,0,0
Playdots,"New York City",Consumer,65,1.00,2022-10-13,Acquired,"United States",10,888,0,0
Byju's,Bengaluru,Education,2500,0.05,2022-10-12,"Private Equity",India,5500,890,0,0
6sense,"SF Bay Area",Sales,150,0.10,2022-10-12,"Series E","United States",426,891,0,0
Sinch,Stockholm,Other,150,NULL,2022-10-12,Post-IPO,Sweden,1500,892,0,0
FrontRow,Bengaluru,Education,130,0.75,2022-10-12,"Series A",India,17,893,0,0
Noom,"New York City",Healthcare,500,0.10,2022-10-11,"Series F","United States",657,894,0,0
MX,Lehi,Finance,200,NULL,2022-10-11,"Series C","United States",450,895,0,0
Brex,"SF Bay Area",Finance,136,0.11,2022-10-11,"Series D","United States",1500,896,0,0
Pacaso,"SF Bay Area","Real Estate",100,0.30,2022-10-11,"Series C","United States",217,897,0,0
Sketch,"The Hague",Other,80,NULL,2022-10-11,"Series A",Netherlands,20,898,0,0
Udacity,"SF Bay Area",Education,55,0.13,2022-10-11,Unknown,"United States",235,899,0,0
Linkfire,Copenhagen,Marketing,35,0.35,2022-10-11,Seed,Denmark,2,900,0,0
HelloFresh,"SF Bay Area",Food,611,NULL,2022-10-10,Post-IPO,"United States",367,904,0,0
Momentive,"SF Bay Area",Marketing,180,0.11,2022-10-10,Post-IPO,"United States",1100,905,0,0
"Pavilion Data","SF Bay Area",Infrastructure,96,0.96,2022-10-10,"Series D","United States",103,906,0,0
"Redesign Health","New York City",Healthcare,67,0.20,2022-10-10,"Series C","United States",315,907,0,0
BioMarin,"SF Bay Area",Healthcare,120,0.04,2022-10-07,Post-IPO,"United States",585,909,0,0
Rev.com,Austin,Data,85,NULL,2022-10-07,"Series D","United States",30,910,0,0
Crypto.com,Singapore,Crypto,2000,0.30,2022-10-06,Unknown,Singapore,156,911,0,0
Peloton,"New York City",Fitness,500,0.12,2022-10-06,Post-IPO,"United States",1900,912,0,0
Landing,Birmingham,"Real Estate",110,NULL,2022-10-06,"Series C","United States",347,913,0,0
Turnitin,"SF Bay Area",Education,51,0.05,2022-10-06,Acquired,"United States",NULL,914,0,0
"Impossible Foods","SF Bay Area",Food,50,0.06,2022-10-06,"Series H","United States",1900,915,0,0
"Built In",Chicago,Recruiting,50,0.25,2022-10-05,"Series C","United States",29,920,0,0
8x8,"SF Bay Area",Support,200,0.09,2022-10-04,Post-IPO,"United States",253,922,0,0
Homie,"Salt Lake City","Real Estate",40,0.13,2022-10-04,"Series B","United States",35,923,0,0
WazirX,Mumbai,Crypto,60,0.40,2022-10-02,Acquired,India,NULL,929,0,0
Spin,"SF Bay Area",Transportation,78,0.10,2022-09-30,Acquired,"United States",8,930,0,0
Westwing,Munich,Retail,125,NULL,2022-09-29,Post-IPO,Germany,237,934,0,0
Mux,"SF Bay Area",Infrastructure,40,0.20,2022-09-29,"Series D","United States",173,935,0,0
DocuSign,"SF Bay Area",Sales,671,0.09,2022-09-28,Post-IPO,"United States",536,938,0,0
"Divvy Homes","SF Bay Area","Real Estate",40,0.12,2022-09-27,"Series B","United States",180,941,0,0
Konfio,"Mexico City",Finance,180,NULL,2022-09-23,"Series E","United States",706,944,0,0
Moss,Berlin,Fin-Tech,70,0.15,2022-09-23,"Series B",Germany,150,945,0,0
Foxtrot,Chicago,Food,26,0.04,2022-09-23,"Series C","United States",166,946,0,0
Truiloo,Vancouver,Security,24,0.05,2022-09-23,"Series D",Canada,474,947,0,0
NYDIG,"New York City",Crypto,110,0.33,2022-09-22,"Private Equity","United States",1400,949,0,0
Klarna,Stockholm,Finance,100,NULL,2022-09-22,Unknown,Sweden,3700,950,0,0
"Kitty Hawk","SF Bay Area",Aerospace,100,1.00,2022-09-21,Unknown,"United States",1,952,0,0
Compass,"New York City","Real Estate",271,NULL,2022-09-20,Post-IPO,"United States",1600,954,0,0
Curative,"Los Angeles",Healthcare,109,NULL,2022-09-20,Seed,"United States",8,955,0,0
Ada,Toronto,Support,78,0.16,2022-09-20,"Series C",Canada,190,956,0,0
99,"Sao Paulo",Transportation,75,0.02,2022-09-20,Acquired,Brazil,244,957,0,0
Ola,Bengaluru,Transportation,200,NULL,2022-09-19,"Series J",India,5000,960,0,0
"Vesalius Therapeutics",Boston,Healthcare,29,0.43,2022-09-19,"Series B","United States",75,961,0,0
Clear,Bengaluru,Finance,190,0.20,2022-09-16,"Series C",India,140,964,0,0
TrueLayer,London,Finance,40,0.10,2022-09-16,"Series E","United States",271,965,0,0
LivePerson,"New York City",Support,193,0.11,2022-09-15,Post-IPO,"United States",42,966,0,0
Acast,Stockholm,Media,70,0.15,2022-09-15,Post-IPO,Sweden,126,967,0,0
WorkRamp,"SF Bay Area",HR,35,0.20,2022-09-15,"Series C","United States",67,968,0,0
Twilio,"SF Bay Area",Other,800,0.11,2022-09-14,Post-IPO,"United States",614,971,0,0
Pitch,Berlin,Marketing,59,0.30,2022-09-14,"Series B",Germany,137,972,0,0
Infarm,Berlin,Other,50,0.05,2022-09-14,"Series D",Germany,604,973,0,0
Netflix,"SF Bay Area",Media,30,NULL,2022-09-14,Post-IPO,"United States",121900,974,0,0
Rubius,Boston,Healthcare,160,0.75,2022-09-13,Post-IPO,"United States",445,976,0,0
Checkout.com,London,Finance,100,0.05,2022-09-13,"Series D","United Kingdom",1800,977,0,0
Taboola,"New York City",Marketing,100,0.06,2022-09-13,Post-IPO,"United States",445,978,0,0
Patreon,"SF Bay Area",Media,80,0.17,2022-09-13,"Series F","United States",413,979,0,0
Quicko,"Sao Paulo",Transportation,60,NULL,2022-09-12,Acquired,Brazil,28,982,0,0
"Mode Analytics","SF Bay Area",Data,25,NULL,2022-09-12,"Series D","United States",81,983,0,0
Compete,"Tel Aviv",HR,11,0.28,2022-09-12,"Series A",Israel,17,984,0,0
SkipTheDishes,Winnipeg,Food,350,NULL,2022-09-09,Acquired,Canada,6,988,0,0
Brighte,Sydney,Energy,58,NULL,2022-09-09,"Series C",Australia,145,989,0,0
Patreon,"SF Bay Area",Media,5,NULL,2022-09-09,"Series F","United States",413,990,0,0
GoStudent,Vienna,Education,200,NULL,2022-09-08,"Series D",Austria,686,997,0,0
"Pomelo Fashion",Bangkok,Retail,55,0.08,2022-09-08,Unknown,Thailand,120,998,0,0
"Genome Medical","SF Bay Area",Healthcare,23,NULL,2022-09-08,"Series C","United States",120,999,0,0
"Simple Feast",Copenhagen,Food,150,1.00,2022-09-07,Unknown,Denmark,173,1002,0,0
Foodpanda,Singapore,Food,60,NULL,2022-09-07,Acquired,Singapore,749,1003,0,0
Uber,Vilnius,Transportation,60,NULL,2022-09-07,Post-IPO,Lithuania,24700,1004,0,0
Rupeek,Bengaluru,Finance,50,NULL,2022-09-07,Unknown,India,172,1005,0,0
Intercom,"SF Bay Area",Support,49,0.05,2022-09-07,"Series D","United States",240,1006,0,0
Pendo,Raleigh,Product,45,0.05,2022-09-07,"Series F","United States",469,1007,0,0
Demandbase,"SF Bay Area",Sales,27,0.03,2022-09-07,"Series H","United States",143,1008,0,0
"Brave Care",Portland,Healthcare,40,0.33,2022-09-06,"Series B","United States",42,1012,0,0
Lawgeex,"Tel Aviv",Legal,30,0.33,2022-09-06,"Series C",Israel,41,1013,0,0
Kuda,Lagos,Finance,23,0.05,2022-09-02,"Series B",Nigeria,91,1016,0,0
2TM,"Sao Paulo",Crypto,100,0.15,2022-09-01,Unknown,Brazil,250,1019,0,0
Innovaccer,"SF Bay Area",Healthcare,90,0.08,2022-09-01,"Series E","United States",379,1020,0,0
Shopify,Ottawa,Retail,70,NULL,2022-09-01,Post-IPO,Canada,122,1021,0,0
"Urban Sports Club",Berlin,Fitness,55,0.15,2022-09-01,Unknown,Germany,95,1022,0,0
Hedvig,Stockholm,Finance,12,NULL,2022-09-01,"Series B",Sweden,67,1023,0,0
Snap,"Los Angeles",Consumer,1280,0.20,2022-08-31,Post-IPO,"United States",4900,1024,0,0
GoodRx,"Los Angeles",Healthcare,140,0.16,2022-08-31,Post-IPO,"United States",910,1025,0,0
Smava,Berlin,Finance,100,0.10,2022-08-31,Unknown,Germany,188,1026,0,0
"Hippo Insurance","SF Bay Area",Finance,70,0.10,2022-08-31,Post-IPO,"United States",1300,1027,0,0
Clari,"SF Bay Area",Sales,45,NULL,2022-08-31,"Series F","United States",496,1028,0,0
Koo,Bengaluru,Consumer,40,NULL,2022-08-31,"Series B",India,44,1029,0,0
TCR2,Boston,Healthcare,30,0.20,2022-08-31,Post-IPO,"United States",173,1030,0,0
"Apartment List","SF Bay Area","Real Estate",29,0.10,2022-08-31,"Series D","United States",169,1031,0,0
Artnight,Berlin,Retail,26,0.36,2022-08-31,Unknown,Germany,NULL,1032,0,0
Electric,"New York City",Other,81,NULL,2022-08-30,"Series D","United States",212,1036,0,0
"Immersive Labs",Bristol,Security,38,0.10,2022-08-30,"Series C","United Kingdom",123,1037,0,0
Nate,"New York City",Retail,30,NULL,2022-08-30,"Series A","United States",47,1038,0,0
Meesho,Bengaluru,Retail,300,NULL,2022-08-29,"Series F",India,1100,1039,0,0
54gene,"Washington D.C.",Healthcare,95,0.30,2022-08-29,"Series B","United States",44,1040,0,0
Zymergen,"SF Bay Area",Other,80,NULL,2022-08-26,Acquired,"United States",974,1044,0,0
Okta,"SF Bay Area",Security,24,NULL,2022-08-26,Post-IPO,"United States",1200,1045,0,0
Argyle,"New York City",Finance,20,0.07,2022-08-26,"Series B","United States",78,1046,0,0
FreshDirect,Philadelphia,Food,40,NULL,2022-08-25,Acquired,"United States",280,1048,0,0
"Loja Integrada","Sao Paulo",Retail,25,0.10,2022-08-25,Acquired,Brazil,NULL,1049,0,0
Reali,"SF Bay Area","Real Estate",140,1.00,2022-08-24,"Series B","United States",117,1052,0,0
Loop,"Washington D.C.",Finance,15,0.20,2022-08-24,"Series A","United States",24,1053,0,0
"Tier Mobility",Berlin,Transportation,180,0.16,2022-08-23,"Series D",Germany,646,1055,0,0
Packable,"New York City",Retail,138,0.20,2022-08-23,Unknown,"United States",472,1056,0,0
Q4,Toronto,Other,50,0.08,2022-08-23,"Series C",Canada,91,1057,0,0
Skedulo,"SF Bay Area",HR,31,0.08,2022-08-23,"Series C","United States",114,1058,0,0
Plato,"SF Bay Area",HR,29,0.50,2022-08-23,Seed,"United States",3,1059,0,0
NSO,"Tel Aviv",Security,100,0.14,2022-08-21,Seed,Israel,1,1065,0,0
Tufin,Boston,Security,55,0.10,2022-08-21,Acquired,"United States",21,1066,0,0
Amperity,Seattle,Marketing,13,0.03,2022-08-20,"Series D","United States",187,1067,0,0
Wayfair,Boston,Retail,870,0.05,2022-08-19,Post-IPO,"United States",1700,1068,0,0
Stripe,"SF Bay Area",Finance,50,NULL,2022-08-19,"Series H","United States",2300,1069,0,0
Hodlnaut,Singapore,Crypto,40,0.80,2022-08-19,Unknown,Singapore,NULL,1070,0,0
"New Relic","SF Bay Area",Infrastructure,110,0.05,2022-08-18,Post-IPO,"United States",214,1071,0,0
Wheel,Austin,Healthcare,35,0.17,2022-08-18,"Series C","United States",215,1072,0,0
Malwarebytes,"SF Bay Area",Security,125,0.14,2022-08-17,"Series B","United States",80,1076,0,0
Fluke,"Sao Paulo",Other,83,0.82,2022-08-17,Seed,Brazil,NULL,1077,0,0
Swyftx,Brisbane,Crypto,74,0.21,2022-08-17,Unknown,Australia,NULL,1078,0,0
"Tempo Automation","SF Bay Area",Other,54,NULL,2022-08-17,"Series C","United States",74,1079,0,0
Genesis,"New York City",Crypto,52,0.20,2022-08-17,"Series A","United States",NULL,1080,0,0
Warren,"Porto Alegre",Finance,50,NULL,2022-08-17,"Series C",Brazil,104,1081,0,0
AlayaCare,Montreal,Healthcare,80,0.14,2022-08-16,"Series D",Canada,293,1082,0,0
Pliops,"Tel Aviv",Data,12,0.09,2022-08-16,"Series D",Israel,205,1083,0,0
Woven,Indianapolis,HR,5,0.15,2022-08-16,"Series A","United States",11,1084,0,0
Sema4,Stamford,Healthcare,250,0.13,2022-08-15,Post-IPO,"United States",791,1089,0,0
Blend,"SF Bay Area",Finance,220,0.12,2022-08-15,Post-IPO,"United States",665,1090,0,0
ContraFect,"New York City",Healthcare,16,0.37,2022-08-15,Post-IPO,"United States",380,1091,0,0
Anywell,"Tel Aviv","Real Estate",11,NULL,2022-08-14,"Series A",Israel,15,1093,0,0
Peloton,"New York City",Fitness,784,0.13,2022-08-12,Post-IPO,"United States",1900,1095,0,0
Truepill,"SF Bay Area",Healthcare,175,0.33,2022-08-11,"Series D","United States",255,1098,0,0
Calm,"SF Bay Area",Healthcare,90,0.20,2022-08-11,"Series C","United States",218,1099,0,0
FourKites,Chicago,Logistics,60,0.08,2022-08-11,"Series D","United States",201,1100,0,0
Marketforce,Nairobi,Retail,54,0.09,2022-08-11,"Series A",Kenya,42,1101,0,0
Betterfly,Santiago,Healthcare,30,NULL,2022-08-11,"Series C",Chile,204,1102,0,0
Expert360,Sydney,Recruiting,7,NULL,2022-08-11,"Series C",Australia,26,1103,0,0
Trybe,"Sao Paulo",Education,47,0.10,2022-08-10,"Series B",Brazil,40,1105,0,0
Permutive,London,Marketing,30,0.12,2022-08-10,"Series C","United Kingdom",105,1106,0,0
GoHealth,Chicago,Healthcare,800,0.20,2022-08-09,Post-IPO,"United States",75,1110,0,0
Hootsuite,Vancouver,Marketing,400,0.30,2022-08-09,"Series C",Canada,300,1111,0,0
Nutanix,"SF Bay Area",Infrastructure,270,0.04,2022-08-09,Post-IPO,"United States",1100,1112,0,0
Quanterix,Boston,Healthcare,130,0.25,2022-08-09,Post-IPO,"United States",533,1113,0,0
Wix,"Tel Aviv",Marketing,100,NULL,2022-08-09,Post-IPO,Israel,58,1114,0,0
MadeiraMadeira,Curitiba,Retail,60,0.03,2022-08-09,"Series E",Brazil,338,1115,0,0
Melio,"New York City",Finance,60,NULL,2022-08-09,"Series D","United States",504,1116,0,0
Linktree,Melbourne,Consumer,50,0.17,2022-08-09,Unknown,Australia,165,1117,0,0
Shogun,"SF Bay Area",Retail,48,0.30,2022-08-09,"Series C","United States",114,1118,0,0
Absci,Vancouver,Healthcare,40,NULL,2022-08-09,Post-IPO,"United States",237,1119,0,0
Dooly,Vancouver,Sales,12,NULL,2022-08-09,"Series B",Canada,102,1120,0,0
Groupon,Chicago,Retail,500,0.15,2022-08-08,Post-IPO,"United States",1400,1127,0,0
Loggi,"Sao Paulo",Logistics,500,0.15,2022-08-08,"Series F",Brazil,507,1128,0,0
Vroom,"New York City",Transportation,337,NULL,2022-08-08,Post-IPO,"United States",1300,1129,0,0
"Warby Parker","New York City",Consumer,63,NULL,2022-08-08,Post-IPO,"United States",535,1130,0,0
Labelbox,"SF Bay Area",Data,36,NULL,2022-08-08,"Series D","United States",188,1131,0,0
Perion,"Tel Aviv",Marketing,20,0.05,2022-08-08,Post-IPO,Israel,76,1132,0,0
iRobot,Boston,Consumer,140,0.10,2022-08-05,Acquired,"United States",30,1135,0,0
Mejuri,Toronto,Retail,50,0.10,2022-08-05,"Series B",Canada,28,1136,0,0
Uberflip,Toronto,Marketing,31,0.17,2022-08-05,"Series A",Canada,42,1137,0,0
Doma,"SF Bay Area",Finance,250,0.13,2022-08-04,Post-IPO,"United States",679,1140,0,0
Article,Vancouver,Retail,216,0.17,2022-08-04,"Series B",Canada,NULL,1141,0,0
"Jam City","Los Angeles",Consumer,200,0.17,2022-08-04,Unknown,"United States",652,1142,0,0
"10X Genomics","SF Bay Area",Healthcare,100,0.08,2022-08-04,Post-IPO,"United States",242,1143,0,0
LEAD,Mumbai,Education,80,0.04,2022-08-04,"Series E",India,166,1144,0,0
Zendesk,"SF Bay Area",Support,80,NULL,2022-08-04,Acquired,"United States",85,1145,0,0
"On Deck","SF Bay Area",Education,73,0.33,2022-08-04,"Series A","United States",20,1146,0,0
RenoRun,Montreal,Construction,70,0.12,2022-08-04,"Series B",Canada,163,1147,0,0
RingCentral,"SF Bay Area",Support,50,NULL,2022-08-04,Post-IPO,"United States",44,1148,0,0
Healthcare.com,Miami,Healthcare,149,NULL,2022-08-03,"Series C","United States",244,1154,0,0
Unbounce,Vancouver,Marketing,47,0.20,2022-08-03,"Series A",Canada,39,1155,0,0
"Beyond Meat","Los Angeles",Food,40,NULL,2022-08-03,Post-IPO,"United States",122,1156,0,0
"The Org","New Delhi",HR,13,NULL,2022-08-03,"Series B","United States",39,1157,0,0
Robinhood,"SF Bay Area",Finance,713,0.23,2022-08-02,Post-IPO,"United States",5600,1162,0,0
Latch,"New York City",Security,115,0.37,2022-08-02,Post-IPO,"United States",342,1163,0,0
Vedantu,Bengaluru,Education,100,NULL,2022-08-02,"Series E",India,292,1164,0,0
Seegrid,Pittsburgh,Logistics,90,NULL,2022-08-02,Unknown,"United States",107,1165,0,0
Nylas,"SF Bay Area",Product,80,0.25,2022-08-02,"Series C","United States",175,1166,0,0
Outreach,Seattle,Sales,60,0.05,2022-08-02,"Series G","United States",489,1167,0,0
Sendy,Nairobi,Logistics,54,0.20,2022-08-02,"Series B",Kenya,26,1168,0,0
"The Predictive Index",Boston,HR,40,NULL,2022-08-02,Acquired,"United States",71,1169,0,0
Sendy,Nairobi,Logistics,30,0.10,2022-08-02,"Series B",Kenya,26,1170,0,0
Stedi,Boulder,Product,23,0.30,2022-08-02,"Series B","United States",75,1171,0,0
Glossier,"New York City",Retail,19,0.08,2022-08-02,"Series E","United States",266,1172,0,0
Hash,"Sao Paulo",Finance,58,0.50,2022-08-01,"Series C",Brazil,58,1175,0,0
Metigy,Sydney,Marketing,75,1.00,2022-07-31,"Series B",Australia,18,1182,0,0
Vee,"Tel Aviv",HR,16,0.32,2022-07-31,Seed,Israel,15,1183,0,0
Ola,Bengaluru,Transportation,1000,NULL,2022-07-29,"Series J",India,5000,1185,0,0
Clearco,Toronto,Fin-Tech,125,0.25,2022-07-29,"Series C",Canada,681,1186,0,0
"Imperfect Foods","SF Bay Area",Food,50,NULL,2022-07-29,"Series D","United States",229,1187,0,0
"Shelf Engine",Seattle,Food,43,NULL,2022-07-29,"Series B","United States",58,1188,0,0
Quantcast,"SF Bay Area",Marketing,40,0.06,2022-07-29,"Series C","United States",65,1189,0,0
Sherpa,Toronto,Travel,22,NULL,2022-07-29,Unknown,Canada,11,1190,0,0
Ribbon,"New York City","Real Estate",136,NULL,2022-07-28,"Series C","United States",405,1194,0,0
"Career Karma","SF Bay Area",Education,60,0.33,2022-07-28,"Series B","United States",51,1195,0,0
Metromile,"SF Bay Area",Finance,60,0.20,2022-07-28,Acquired,"United States",510,1196,0,0
Laybuy,Auckland,Finance,45,NULL,2022-07-28,Post-IPO,"New Zealand",130,1197,0,0
Allbirds,"SF Bay Area",Retail,23,NULL,2022-07-28,Post-IPO,"United States",202,1198,0,0
TextNow,Waterloo,Consumer,22,NULL,2022-07-28,Seed,Canada,1,1199,0,0
Rivian,Detroit,Transportation,840,0.06,2022-07-27,Post-IPO,"United States",10700,1206,0,0
"Vox Media","Washington D.C.",Media,39,0.02,2022-07-27,"Series F","United States",307,1207,0,0
Coinsquare,Toronto,Crypto,30,0.24,2022-07-27,Unknown,Canada,98,1208,0,0
Skai,"Tel Aviv",Marketing,30,0.04,2022-07-27,"Series E",Israel,60,1209,0,0
Shopify,Ottawa,Retail,1000,0.10,2022-07-26,Post-IPO,Canada,122,1210,0,0
McMakler,Berlin,"Real Estate",90,NULL,2022-07-26,Unknown,Germany,214,1211,0,0
Fiverr,"Tel Aviv",Other,60,0.08,2022-07-26,Post-IPO,Israel,111,1212,0,0
InDebted,Sydney,Finance,40,0.17,2022-07-26,"Series B",Australia,41,1213,0,0
Outbrain,"New York City",Marketing,38,0.03,2022-07-26,Post-IPO,"United States",394,1214,0,0
Dover,"SF Bay Area",Recruiting,23,0.30,2022-07-26,"Series A","United States",22,1215,0,0
Immutable,Sydney,Crypto,20,0.06,2022-07-26,"Series C",Australia,279,1216,0,0
Zymergen,"SF Bay Area",Other,80,NULL,2022-07-25,Acquired,"United States",974,1217,0,0
"Pear Therapeutics",Boston,Healthcare,25,0.09,2022-07-25,Post-IPO,"United States",409,1218,0,0
Soluto,"Tel Aviv",Support,120,1.00,2022-07-24,Acquired,Israel,18,1220,0,0
Eucalyptus,Sydney,Healthcare,50,0.20,2022-07-22,"Series C","United States",69,1221,0,0
Workstream,"SF Bay Area",HR,45,NULL,2022-07-22,"Series B","United States",58,1222,0,0
Quanto,"Sao Paulo",Finance,28,0.22,2022-07-22,"Series A",Brazil,15,1223,0,0
"Clarify Health","SF Bay Area",Healthcare,15,0.05,2022-07-22,"Series D","United States",328,1224,0,0
Blockchain.com,London,Crypto,150,0.25,2022-07-21,"Series D","United Kingdom",490,1230,0,0
"Callisto Media","SF Bay Area",Media,140,0.35,2022-07-21,"Series D","United States",NULL,1231,0,0
AppGate,Miami,Security,130,0.22,2022-07-21,Post-IPO,"United States",NULL,1232,0,0
WHOOP,Boston,Fitness,95,0.15,2022-07-21,"Series F","United States",404,1233,0,0
"Rad Power Bikes",Seattle,Transportation,63,0.10,2022-07-21,"Series D","United States",329,1234,0,0
Lunchbox,"New York City",Food,60,0.33,2022-07-21,"Series B","United States",72,1235,0,0
RealSelf,Seattle,Healthcare,11,0.05,2022-07-21,"Series B","United States",42,1236,0,0
"Just Eat Takeaway",Amsterdam,Food,390,NULL,2022-07-20,Post-IPO,Netherlands,2800,1242,0,0
Flyhomes,Seattle,"Real Estate",200,0.20,2022-07-20,"Series C","United States",310,1243,0,0
Varo,"SF Bay Area",Finance,75,NULL,2022-07-20,"Series E","United States",992,1244,0,0
BlueStacks,"SF Bay Area",Other,60,NULL,2022-07-20,"Series C","United States",48,1245,0,0
Lyft,"SF Bay Area",Transportation,60,0.02,2022-07-20,Post-IPO,"United States",4900,1246,0,0
Introhive,Ferdericton,Sales,57,0.16,2022-07-20,"Series C",Canada,125,1247,0,0
Zencity,"Tel Aviv",Other,30,0.20,2022-07-20,Unknown,Israel,51,1248,0,0
Splice,"New York City",Media,23,NULL,2022-07-20,"Series D","United States",159,1249,0,0
Forma.ai,Toronto,Sales,15,0.09,2022-07-20,"Series B",Canada,58,1250,0,0
Arc,"SF Bay Area",HR,13,NULL,2022-07-20,Seed,"United States",1,1251,0,0
Invitae,"SF Bay Area",Healthcare,1000,NULL,2022-07-19,Post-IPO,"United States",2000,1252,0,0
Olive,Columbus,Healthcare,450,0.31,2022-07-19,"Series H","United States",856,1253,0,0
M1,Chicago,Finance,38,NULL,2022-07-19,"Series E","United States",323,1254,0,0
SellerX,Berlin,Retail,28,NULL,2022-07-19,Unknown,Germany,766,1255,0,0
Stint,London,HR,28,0.20,2022-07-19,Unknown,"United Kingdom",NULL,1256,0,0
"PACT Pharma","SF Bay Area",Healthcare,94,NULL,2022-07-18,"Series C","United States",200,1258,0,0
Gemini,"New York City",Crypto,68,0.07,2022-07-18,Unknown,"United States",423,1259,0,0
Lusha,"New York City",Marketing,30,0.10,2022-07-18,"Series B","United States",245,1260,0,0
"Bright Money",Bengaluru,Finance,100,0.50,2022-07-15,"Series A",India,31,1266,0,0
Project44,Chicago,Logistics,63,0.05,2022-07-15,Unknown,"United States",817,1267,0,0
Heroes,London,Retail,24,0.20,2022-07-15,Unknown,"United States",265,1268,0,0
Aspire,"SF Bay Area",Marketing,23,NULL,2022-07-15,"Series A","United States",27,1269,0,0
Zego,London,Finance,85,0.17,2022-07-14,"Series C","United Kingdom",202,1271,0,0
"The Mom Project",Chicago,HR,54,0.15,2022-07-14,"Series C","United States",115,1272,0,0
"Unstoppable Domains","SF Bay Area",Crypto,42,0.25,2022-07-14,"Series B","United States",7,1273,0,0
Kiavi,"SF Bay Area","Real Estate",39,0.07,2022-07-14,"Series E","United States",240,1274,0,0
Wave,Dakar,Finance,300,0.15,2022-07-13,"Series A",Senegal,292,1278,0,0
Tonal,"SF Bay Area",Fitness,262,0.35,2022-07-13,"Series E","United States",450,1279,0,0
Fabric,"New York City",Logistics,120,0.40,2022-07-13,"Series C","United States",336,1280,0,0
Bryter,Berlin,Product,100,0.30,2022-07-13,"Series B",Germany,89,1281,0,0
ChowNow,"Los Angeles",Food,100,0.20,2022-07-13,"Series C","United States",64,1282,0,0
Involves,FlorianÃ³polis,Retail,70,0.18,2022-07-13,Unknown,Brazil,23,1283,0,0
"100 Thieves","Los Angeles",Consumer,12,NULL,2022-07-13,"Series C","United States",120,1284,0,0
Nuro,"SF Bay Area",Transportation,7,NULL,2022-07-13,"Series D","United States",2100,1285,0,0
Gopuff,Philadelphia,Food,1500,0.10,2022-07-12,"Series H","United States",3400,1289,0,0
Fraazo,Mumbai,Food,150,NULL,2022-07-12,"Series B",India,63,1290,0,0
Babylon,London,Healthcare,100,NULL,2022-07-12,Post-IPO,"United Kingdom",1100,1291,0,0
Hubilo,"SF Bay Area",Marketing,45,0.12,2022-07-12,"Series B","United States",153,1292,0,0
Hopin,London,Other,242,0.29,2022-07-11,"Series D","United Kingdom",1000,1296,0,0
Alice,"Sao Paulo",Healthcare,63,NULL,2022-07-11,"Series C",Brazil,174,1297,0,0
SundaySky,"New York City",Marketing,24,0.13,2022-07-11,"Series D","United States",74,1298,0,0
PuduTech,Shenzen,Other,1500,NULL,2022-07-08,"Series C",China,184,1303,0,0
"Butler Hospitality","New York City",Food,1000,1.00,2022-07-08,"Series B","United States",50,1304,0,0
Calibrate,"New York City",Healthcare,156,0.24,2022-07-08,"Series B","United States",127,1305,0,0
"Argo AI",Pittsburgh,Transportation,150,0.05,2022-07-07,Unknown,"United States",3600,1307,0,0
"Next Insurance","SF Bay Area",Finance,150,0.17,2022-07-07,"Series E","United States",881,1308,0,0
Adwerx,Durham,Marketing,40,NULL,2022-07-07,Unknown,"United States",20,1309,0,0
Emotive,"Los Angeles",Marketing,30,0.18,2022-07-07,"Series B","United States",78,1310,0,0
Remote,"SF Bay Area",HR,100,0.09,2022-07-06,"Series C","United States",496,1313,0,0
Shopify,Ottawa,Retail,50,NULL,2022-07-06,Post-IPO,Canada,122,1314,0,0
Anodot,"Tel Aviv",Data,35,0.27,2022-07-06,"Series C","United States",64,1315,0,0
SQream,"New York City",Data,30,0.18,2022-07-06,"Series B","United States",77,1316,0,0
Loft,"Sao Paulo","Real Estate",384,0.12,2022-07-05,Unknown,Brazil,788,1318,0,0
Bizzabo,"New York City",Marketing,120,0.30,2022-07-05,"Series E","United States",194,1319,0,0
eToro,"Tel Aviv",Finance,100,0.06,2022-07-05,Unknown,Israel,322,1320,0,0
Verbit,"New York City",Data,80,0.10,2022-07-05,"Series E","United States",569,1321,0,0
Outschool,"SF Bay Area",Education,31,0.18,2022-07-05,"Series D","United States",240,1322,0,0
Bullish,"Hong Kong",Crypto,30,0.08,2022-07-05,Unknown,"Hong Kong",300,1323,0,0
"Transmit Security",Boston,Security,27,0.07,2022-07-05,"Series A","United States",583,1324,0,0
Thimble,"New York City",Fin-Tech,20,0.33,2022-07-05,"Series A","United States",28,1325,0,0
Syte,"Tel Aviv",Retail,13,0.08,2022-07-05,"Series C",Israel,71,1326,0,0
Lightricks,Jerusalem,Consumer,80,0.12,2022-07-04,"Series D",Israel,335,1327,0,0
Chessable,London,Consumer,29,NULL,2022-07-04,Acquired,"United Kingdom",0,1328,0,0
Sendle,Sydney,Logistics,27,0.12,2022-07-04,"Series C",Australia,69,1329,0,0
Lendis,Berlin,Other,18,0.15,2022-07-04,"Series A",Germany,90,1330,0,0
Gorillas,Berlin,Food,540,NULL,2022-07-03,"Series C",Germany,1300,1332,0,0
Celsius,"New York City",Crypto,150,0.25,2022-07-03,"Series B","United States",864,1333,0,0
WanderJaunt,"SF Bay Area",Travel,85,1.00,2022-07-01,"Series B","United States",26,1337,0,0
Canoo,"Los Angeles",Transportation,58,0.06,2022-07-01,Post-IPO,"United States",300,1338,0,0
"Bamboo Health",Louisville,Healthcare,52,NULL,2022-07-01,Unknown,"United States",NULL,1339,0,0
Teleport,"SF Bay Area",Infrastructure,15,0.06,2022-07-01,"Series C","United States",169,1340,0,0
Enjoy,"SF Bay Area",Retail,400,0.18,2022-06-30,Post-IPO,"United States",310,1342,0,0
Crejo.Fun,Bengaluru,Education,170,1.00,2022-06-30,Seed,India,3,1343,0,0
"Stash Financial","New York City",Finance,40,0.08,2022-06-30,Unknown,"United States",480,1344,0,0
Nate,"New York City",Retail,30,0.20,2022-06-30,"Series A","United States",47,1345,0,0
Snyk,Boston,Security,30,NULL,2022-06-30,"Series F","United States",849,1346,0,0
Stream,Boulder,Product,20,0.12,2022-06-30,"Series B","United States",58,1347,0,0
"Finleap Connect",Hamburg,Finance,14,0.10,2022-06-30,"Series A",Germany,22,1348,0,0
Abra,"SF Bay Area",Crypto,12,0.05,2022-06-30,"Series C","United States",106,1349,0,0
Toppr,Mumbai,Education,350,NULL,2022-06-29,Acquired,India,112,1353,0,0
Unity,"SF Bay Area",Other,200,0.04,2022-06-29,Post-IPO,"United States",1300,1354,0,0
Niantic,"SF Bay Area",Consumer,85,0.08,2022-06-29,"Series D","United States",770,1355,0,0
AvantStay,"Los Angeles",Travel,80,NULL,2022-06-29,Unknown,"United States",811,1356,0,0
Qumulo,Seattle,Data,80,0.19,2022-06-29,"Series E","United States",347,1357,0,0
Clutch,Toronto,Transportation,76,0.22,2022-06-29,"Series B",Canada,153,1358,0,0
"Parallel Wireless",Nashua,Infrastructure,60,NULL,2022-06-29,Unknown,"United States",8,1359,0,0
"Oye Rickshaw","New Delhi",Transportation,40,0.20,2022-06-29,Unknown,India,13,1360,0,0
Rows,Berlin,Other,18,0.30,2022-06-29,"Series B",Germany,25,1361,0,0
Baton,"SF Bay Area",Transportation,16,0.25,2022-06-29,"Series A","United States",13,1362,0,0
Substack,"SF Bay Area",Media,13,0.14,2022-06-29,"Series B","United States",82,1363,0,0
Huobi,Beijing,Crypto,300,0.30,2022-06-28,Unknown,China,2,1369,0,0
"WhiteHat Jr",Mumbai,Education,300,NULL,2022-06-28,Acquired,India,11,1370,0,0
StockX,Detroit,Retail,120,0.08,2022-06-28,"Series E","United States",690,1371,0,0
"Sidecar Health","Los Angeles",Healthcare,110,0.40,2022-06-28,"Series C","United States",163,1372,0,0
StockX,Detroit,Retail,80,NULL,2022-06-28,"Series E","United States",690,1373,0,0
Vezeeta,Dubai,Healthcare,50,0.10,2022-06-28,"Series D","United Arab Emirates",71,1374,0,0
"Bright Machines","SF Bay Area",Data,30,0.08,2022-06-28,Unknown,Israel,250,1375,0,0
HealthMatch,Sydney,Healthcare,18,0.50,2022-06-28,"Series B",Australia,20,1376,0,0
AppLovin,"SF Bay Area",Marketing,300,0.12,2022-06-27,Post-IPO,"United States",1600,1380,0,0
UiPath,"New York City",Data,210,0.05,2022-06-27,Post-IPO,"United States",2000,1381,0,0
Udaan,Bengaluru,Retail,180,0.04,2022-06-27,Unknown,India,1500,1382,0,0
Cue,"San Diego",Healthcare,170,NULL,2022-06-27,Post-IPO,"United States",999,1383,0,0
Banxa,Melbourne,Crypto,70,0.30,2022-06-27,Post-IPO,Australia,13,1384,0,0
SafeGraph,"SF Bay Area",Data,27,0.25,2022-06-27,"Series B","United States",61,1385,0,0
Postscript,"SF Bay Area",Marketing,43,NULL,2022-06-26,"Series C","United States",106,1387,0,0
Bitpanda,Vienna,Crypto,270,0.27,2022-06-24,"Series C",Austria,546,1388,0,0
Sunday,Atlanta,Finance,90,0.23,2022-06-24,"Series A","United States",124,1389,0,0
Bestow,Dallas,Finance,41,0.14,2022-06-24,"Series C","United States",137,1390,0,0
"Ethos Life","SF Bay Area",Finance,40,0.12,2022-06-24,"Series D","United States",406,1391,0,0
Netflix,"SF Bay Area",Media,300,0.03,2022-06-23,Post-IPO,"United States",121900,1394,0,0
Aura,Boston,Security,70,0.09,2022-06-23,"Series F","United States",500,1395,0,0
Pipl,Spokane,Security,22,0.13,2022-06-23,Unknown,"United States",19,1396,0,0
Vouch,"SF Bay Area",Finance,15,0.07,2022-06-23,"Series C","United States",159,1397,0,0
"Voyage SMS","Los Angeles",Marketing,8,0.13,2022-06-23,Unknown,"United States",10,1398,0,0
MasterClass,"SF Bay Area",Education,120,0.20,2022-06-22,"Series E","United States",461,1405,0,0
IronNet,"Washington D.C.",Security,90,0.35,2022-06-22,Post-IPO,"United States",410,1406,0,0
Bungalow,"SF Bay Area","Real Estate",70,NULL,2022-06-22,"Series C","United States",171,1407,0,0
IronNet,"Washington D.C.",Security,55,0.17,2022-06-22,Post-IPO,"United States",410,1408,0,0
Sprinklr,"New York City",Support,50,NULL,2022-06-22,Post-IPO,"United States",429,1409,0,0
Superpedestrian,Boston,Transportation,35,0.07,2022-06-22,"Series C","United States",261,1410,0,0
Voi,Stockholm,Transportation,35,0.10,2022-06-22,"Series D","United States",515,1411,0,0
Balto,"St. Louis",Sales,30,NULL,2022-06-22,"Series B","United States",51,1412,0,0
Ritual,Toronto,Food,23,0.16,2022-06-22,"Series C",Canada,134,1413,0,0
Ebanx,Curitiba,Finance,340,0.20,2022-06-21,"Series B",Brazil,460,1416,0,0
TaskUs,"Los Angeles",Support,52,0.00,2022-06-21,Post-IPO,"United States",279,1417,0,0
Community,"Los Angeles",Marketing,40,0.30,2022-06-21,Unknown,"United States",40,1418,0,0
Sourcegraph,"SF Bay Area",Product,24,0.08,2022-06-21,"Series D","United States",248,1419,0,0
Bybit,Singapore,Crypto,600,0.30,2022-06-20,Unknown,Singapore,NULL,1423,0,0
SummerBio,"SF Bay Area",Healthcare,101,1.00,2022-06-20,Unknown,"United States",7,1424,0,0
Trax,Singapore,Retail,100,0.12,2022-06-20,"Series E",Singapore,1000,1425,0,0
Aqgromalin,Chennai,Food,80,0.30,2022-06-20,Unknown,India,12,1426,0,0
Bonsai,Toronto,Retail,30,0.55,2022-06-20,"Series A",Canada,27,1427,0,0
Brighte,Sydney,Energy,30,0.15,2022-06-20,"Series C",Australia,145,1428,0,0
CityMall,Gurugram,Retail,191,0.30,2022-06-19,"Series C",India,112,1431,0,0
BitOasis,Dubai,Crypto,9,0.05,2022-06-19,"Series B","United Arab Emirates",30,1432,0,0
Unacademy,Bengaluru,Education,150,0.03,2022-06-18,"Series H",India,838,1433,0,0
Bytedance,Shanghai,Consumer,150,NULL,2022-06-17,Unknown,China,9400,1434,0,0
Socure,Reno,Finance,69,0.13,2022-06-17,"Series E","United States",646,1435,0,0
"Finite State",Columbus,Security,16,0.20,2022-06-17,"Series B","United States",49,1436,0,0
JOKR,"New York City",Food,50,0.05,2022-06-16,"Series B","United States",430,1437,0,0
Zumper,"SF Bay Area","Real Estate",45,0.15,2022-06-16,"Series D","United States",178,1438,0,0
PharmEasy,Mumbai,Healthcare,40,NULL,2022-06-16,Unknown,India,1600,1439,0,0
Swappie,Helsinki,Retail,250,0.17,2022-06-15,"Series C",Finland,169,1441,0,0
Wealthsimple,Toronto,Finance,159,0.13,2022-06-15,Unknown,Canada,900,1442,0,0
Weee!,"SF Bay Area",Food,150,0.10,2022-06-15,"Series E","United States",863,1443,0,0
Notarize,Boston,Legal,110,0.25,2022-06-15,"Series D","United States",213,1444,0,0
Elementor,"Tel Aviv",Media,60,0.15,2022-06-15,Unknown,Israel,65,1445,0,0
Tonkean,"SF Bay Area",Other,23,0.23,2022-06-15,"Series B","United States",83,1446,0,0
Airtame,Copenhagen,Consumer,15,NULL,2022-06-15,Unknown,Denmark,7,1447,0,0
OpenWeb,"Tel Aviv",Media,14,0.05,2022-06-15,"Series E",Israel,223,1448,0,0
Swyft,Toronto,Logistics,10,0.30,2022-06-15,"Series A",Canada,20,1449,0,0
Coinbase,"SF Bay Area",Crypto,1100,0.18,2022-06-14,Post-IPO,"United States",549,1452,0,0
Redfin,Seattle,"Real Estate",470,0.08,2022-06-14,Post-IPO,"United States",319,1453,0,0
Compass,"New York City","Real Estate",450,0.10,2022-06-14,Post-IPO,"United States",1600,1454,0,0
Sami,"Sao Paulo",Healthcare,75,0.15,2022-06-14,Unknown,Brazil,36,1455,0,0
Breathe,"New Delhi",Healthcare,50,0.33,2022-06-14,"Series A",India,6,1456,0,0
Hunty,Bogota,HR,30,NULL,2022-06-14,Seed,Colombia,6,1457,0,0
TIFIN,Boulder,Crypto,24,0.10,2022-06-14,"Series D","United States",204,1458,0,0
BlockFi,"New York City",Crypto,250,0.20,2022-06-13,"Series E","United States",1000,1461,0,0
"Wave Sports and Entertainment","Los Angeles",Media,56,0.33,2022-06-13,"Series B","United States",65,1462,0,0
Studio,"SF Bay Area",Education,33,0.40,2022-06-13,"Series B","United States",50,1463,0,0
Crypto.com,Singapore,Crypto,260,0.05,2022-06-10,Unknown,Singapore,156,1466,0,0
FarEye,"New Delhi",Logistics,250,0.30,2022-06-10,"Series E",India,150,1467,0,0
"Berlin Brands Group",Berlin,Retail,100,0.10,2022-06-10,Unknown,Germany,1000,1468,0,0
Sanar,"Sao Paulo",Healthcare,60,0.20,2022-06-10,Unknown,Brazil,11,1469,0,0
Freetrade,London,Finance,45,0.15,2022-06-10,Unknown,"United Kingdom",133,1470,0,0
Albert,"Los Angeles",Finance,20,0.08,2022-06-10,"Series C","United States",175,1471,0,0
OneTrust,Atlanta,Security,950,0.25,2022-06-09,"Series C","United States",926,1475,0,0
"Stitch Fix","SF Bay Area",Retail,330,0.15,2022-06-09,Post-IPO,"United States",79,1476,0,0
"Daniel Wellington",Stockholm,Retail,200,0.15,2022-06-09,Unknown,Sweden,NULL,1477,0,0
Convoy,Seattle,Logistics,90,0.07,2022-06-09,"Series E","United States",1100,1478,0,0
Hologram,Chicago,Infrastructure,80,0.40,2022-06-09,"Series B","United States",82,1479,0,0
Boozt,Malmo,Retail,70,0.05,2022-06-09,Post-IPO,Sweden,56,1480,0,0
"The Grommet",Boston,Retail,40,1.00,2022-06-09,Acquired,"United States",5,1481,0,0
Stashaway,Singapore,Finance,31,0.14,2022-06-09,"Series D",Singapore,61,1482,0,0
Preply,Boston,Education,26,0.05,2022-06-09,"Series C","United States",100,1483,0,0
Sonder,"SF Bay Area",Travel,250,0.21,2022-06-08,Post-IPO,"United States",839,1487,0,0
Kavak,"Sao Paulo",Transportation,150,NULL,2022-06-08,"Series E",Brazil,1600,1488,0,0
Truepill,"SF Bay Area",Healthcare,150,0.15,2022-06-08,"Series D","United States",255,1489,0,0
"iPrice Group","Kuala Lumpur",Retail,50,0.20,2022-06-08,Unknown,Malaysia,26,1490,0,0
Cazoo,London,Transportation,750,0.15,2022-06-07,Post-IPO,"United Kingdom",2000,1492,0,0
Cazoo,London,Transportation,750,0.15,2022-06-07,Post-IPO,"United Kingdom",2000,1493,0,0
Rupeek,Bengaluru,Finance,180,0.15,2022-06-07,Unknown,India,172,1494,0,0
Lummo,Jakarta,Marketing,150,NULL,2022-06-07,"Series C",Indonesia,149,1495,0,0
Bird,"Los Angeles",Transportation,138,0.23,2022-06-07,Post-IPO,"United States",783,1496,0,0
ID.me,"Washington D.C.",Security,130,NULL,2022-06-07,Unknown,"United States",275,1497,0,0
KiwiCo,"SF Bay Area",Retail,40,NULL,2022-06-07,Unknown,"United States",11,1498,0,0
Clearco,Toronto,Finance,60,NULL,2022-06-06,"Series C",Canada,681,1502,0,0
Dutchie,Bend,Other,50,0.07,2022-06-06,"Series D","United States",603,1503,0,0
Eruditus,Mumbai,Education,40,NULL,2022-06-04,"Series E",India,1200,1507,0,0
Afterverse,Brasilia,Consumer,60,0.20,2022-06-03,Unknown,Brazil,NULL,1508,0,0
Superhuman,"SF Bay Area",Consumer,23,0.22,2022-06-03,"Series C","United States",108,1509,0,0
Food52,"New York City",Food,21,0.15,2022-06-03,Acquired,"United States",176,1510,0,0
"Carbon Health","SF Bay Area",Healthcare,250,0.08,2022-06-02,"Series D","United States",522,1514,0,0
Favo,"Sao Paulo",Food,170,NULL,2022-06-02,"Series A",Brazil,31,1515,0,0
PolicyGenius,"New York City",Finance,170,0.25,2022-06-02,"Series E","United States",286,1516,0,0
Yojak,Gurugram,Construction,140,0.50,2022-06-02,Seed,India,3,1517,0,0
Envato,Melbourne,Marketing,100,NULL,2022-06-02,Unknown,Australia,NULL,1518,0,0
Gemini,"New York City",Crypto,100,0.10,2022-06-02,Unknown,"United States",423,1519,0,0
Stord,Atlanta,Logistics,59,0.08,2022-06-02,"Series D","United States",325,1520,0,0
Gather,"SF Bay Area",Consumer,30,0.33,2022-06-02,"Series B","United States",76,1521,0,0
Shef,"SF Bay Area",Food,29,NULL,2022-06-02,"Series A","United States",28,1522,0,0
IRL,"SF Bay Area",Consumer,25,0.25,2022-06-02,"Series C","United States",197,1523,0,0
TomTom,Amsterdam,Transportation,500,0.10,2022-06-01,Post-IPO,Netherlands,NULL,1527,0,0
Cybereason,Boston,Security,100,0.06,2022-06-01,"Series F","United States",750,1528,0,0
Udayy,Gurugram,Education,100,1.00,2022-06-01,Seed,India,2,1529,0,0
2TM,"Sao Paulo",Crypto,90,0.12,2022-06-01,Unknown,Brazil,250,1530,0,0
Curve,London,Finance,65,0.10,2022-06-01,"Series C","United Kingdom",182,1531,0,0
Loom,"SF Bay Area",Product,34,0.14,2022-06-01,"Series C","United States",203,1532,0,0
Skillshare,"New York City",Education,31,NULL,2022-06-01,Unknown,"United States",136,1533,0,0
Impala,London,Travel,30,0.35,2022-06-01,"Series B","United Kingdom",32,1534,0,0
Eaze,"SF Bay Area",Consumer,25,NULL,2022-06-01,"Series D","United States",202,1535,0,0
Playtika,"Tel Aviv",Consumer,250,0.06,2022-05-31,Post-IPO,Israel,NULL,1538,0,0
Replicated,"Los Angeles",Infrastructure,50,NULL,2022-05-31,"Series C","United States",85,1539,0,0
Tomo,Stamford,Finance,44,0.33,2022-05-31,"Series A","United States",110,1540,0,0
Getta,"Tel Aviv",Transportation,30,NULL,2022-05-31,"Series A",Israel,49,1541,0,0
BookClub,"Salt Lake City",Education,12,0.25,2022-05-31,"Series A","United States",26,1542,0,0
